datetime,open,high,low,close,volume
2025-12-06 08:00:00,0.18647,0.256,0.17,0.21919,500152588.0
2025-12-06 12:00:00,0.21908,0.24092,0.20635,0.21425,266507818.0
2025-12-06 16:00:00,0.21425,0.28294,0.21155,0.26585,195911351.0
2025-12-06 20:00:00,0.26573,0.27592,0.2058,0.22864,203127173.0
2025-12-07 00:00:00,0.22865,0.24042,0.20674,0.22892,126485590.0
2025-12-07 04:00:00,0.22902,0.246,0.22522,0.23707,113984829.0
2025-12-07 08:00:00,0.2372,0.23892,0.188,0.1985,147825651.0
2025-12-07 12:00:00,0.19837,0.20719,0.18569,0.19596,121224941.0
2025-12-07 16:00:00,0.19604,0.21233,0.187,0.20488,93127754.0
2025-12-07 20:00:00,0.20482,0.20776,0.15831,0.1796,107735939.0
2025-12-08 00:00:00,0.17961,0.216,0.17318,0.20679,110325471.0
2025-12-08 04:00:00,0.20673,0.22588,0.1978,0.20744,70674191.0
2025-12-08 08:00:00,0.20741,0.26659,0.20347,0.25715,230478999.0
2025-12-08 12:00:00,0.25719,0.2815,0.23912,0.2657,397709399.0
2025-12-08 16:00:00,0.2657,0.3142,0.26358,0.29194,449111551.0
2025-12-08 20:00:00,0.29201,0.3292,0.282,0.29897,271351553.0
2025-12-09 00:00:00,0.29897,0.313,0.2653,0.27304,264235264.0
2025-12-09 04:00:00,0.27297,0.282,0.25476,0.26302,190360307.0
2025-12-09 08:00:00,0.26302,0.27143,0.25,0.26426,127563935.0
2025-12-09 12:00:00,0.26421,0.27475,0.24327,0.25238,126064092.0
2025-12-09 16:00:00,0.25239,0.25472,0.22864,0.23393,81008463.0
2025-12-09 20:00:00,0.234,0.24134,0.22,0.22067,56211649.0
2025-12-10 00:00:00,0.22072,0.2264,0.21063,0.2109,65089211.0
2025-12-10 04:00:00,0.21089,0.21724,0.194,0.19538,87095640.0
2025-12-10 08:00:00,0.19536,0.22,0.19458,0.2061,122908057.0
2025-12-10 12:00:00,0.20609,0.21665,0.20032,0.20768,66701408.0
2025-12-10 16:00:00,0.20775,0.22546,0.19492,0.20398,82459235.0
2025-12-10 20:00:00,0.20397,0.2143,0.20053,0.2056,33740363.0
2025-12-11 00:00:00,0.20557,0.21577,0.1875,0.2111,50457545.0
2025-12-11 04:00:00,0.21111,0.25058,0.2104,0.22757,110414961.0
2025-12-11 08:00:00,0.2276,0.2315,0.19878,0.20897,75607360.0
2025-12-11 12:00:00,0.20902,0.22518,0.20508,0.21489,59513432.0
2025-12-11 16:00:00,0.21491,0.21863,0.20579,0.2138,37237445.0
2025-12-11 20:00:00,0.21379,0.22497,0.21242,0.21955,25304960.0
2025-12-12 00:00:00,0.21963,0.22304,0.20713,0.20778,25320737.0
2025-12-12 04:00:00,0.20785,0.22453,0.199,0.2208,36119286.0
2025-12-12 08:00:00,0.22082,0.22846,0.2071,0.22823,50879315.0
2025-12-12 12:00:00,0.22829,0.231,0.21516,0.21843,52134480.0
2025-12-12 16:00:00,0.21841,0.22625,0.20917,0.21964,43245161.0
2025-12-12 20:00:00,0.21972,0.22151,0.21543,0.21756,22002586.0
2025-12-13 00:00:00,0.21756,0.25221,0.21235,0.23008,54138421.0
2025-12-13 04:00:00,0.2302,0.23135,0.21694,0.21851,55540591.0
2025-12-13 08:00:00,0.21851,0.22198,0.21411,0.21753,26809985.0
2025-12-13 12:00:00,0.21749,0.22255,0.2051,0.21836,26810943.0
2025-12-13 16:00:00,0.21839,0.265,0.21817,0.23748,80561318.0
2025-12-13 20:00:00,0.23745,0.25451,0.23153,0.23804,44183561.0
2025-12-14 00:00:00,0.23809,0.24566,0.21192,0.24387,46049084.0
2025-12-14 04:00:00,0.24391,0.25163,0.23062,0.23797,44245077.0
2025-12-14 08:00:00,0.23801,0.25108,0.2309,0.2377,37028082.0
2025-12-14 12:00:00,0.23766,0.25542,0.22069,0.22172,53883747.0
2025-12-14 16:00:00,0.2217,0.23515,0.21913,0.22537,22615182.0
2025-12-14 20:00:00,0.22534,0.2415,0.22238,0.22295,19329162.0
2025-12-15 00:00:00,0.223,0.23837,0.22033,0.22574,24989524.0
2025-12-15 04:00:00,0.22576,0.26,0.22292,0.24425,33421384.0
2025-12-15 08:00:00,0.24425,0.25697,0.24136,0.25267,21448612.0
2025-12-15 12:00:00,0.2527,0.2584,0.24,0.24429,22746791.0
2025-12-15 16:00:00,0.24429,0.25457,0.23412,0.23712,20230890.0
2025-12-15 20:00:00,0.2371,0.2949,0.235,0.2949,34939231.0
2025-12-16 00:00:00,0.29463,0.29757,0.256,0.25981,59647757.0
2025-12-16 04:00:00,0.25964,0.27145,0.2556,0.25753,19593034.0
2025-12-16 08:00:00,0.25758,0.28,0.25709,0.2686,20367373.0
2025-12-16 12:00:00,0.26855,0.2758,0.24974,0.2564,24015335.0
2025-12-16 16:00:00,0.25628,0.2958,0.25369,0.29287,44164630.0
2025-12-16 20:00:00,0.29288,0.31467,0.28624,0.30192,62956868.0
2025-12-17 00:00:00,0.30196,0.31882,0.29101,0.29654,35390879.0
2025-12-17 04:00:00,0.29641,0.33509,0.29004,0.33258,61634608.0
2025-12-17 08:00:00,0.33258,0.372,0.31833,0.36594,274659618.0
2025-12-17 12:00:00,0.36586,0.39295,0.3599,0.3664,223755843.0
2025-12-17 16:00:00,0.3664,0.376,0.35662,0.36911,86849446.0
2025-12-17 20:00:00,0.36902,0.42904,0.36433,0.36889,101446569.0
2025-12-18 00:00:00,0.36889,0.393,0.34153,0.36568,78573457.0
2025-12-18 04:00:00,0.36579,0.3667,0.34276,0.3509,53455359.0
2025-12-18 08:00:00,0.35102,0.3585,0.28666,0.29013,92661381.0
2025-12-18 12:00:00,0.2902,0.29789,0.25254,0.26245,91570705.0
2025-12-18 16:00:00,0.26246,0.26966,0.23712,0.24045,74501620.0
2025-12-18 20:00:00,0.24051,0.24396,0.22338,0.22931,55257936.0
2025-12-19 00:00:00,0.22941,0.26323,0.21664,0.23453,101378903.0
2025-12-19 04:00:00,0.23446,0.2583,0.23305,0.25777,47159379.0
2025-12-19 08:00:00,0.25778,0.2759,0.23643,0.24952,74015330.0
2025-12-19 12:00:00,0.24953,0.25982,0.23957,0.24096,32329401.0
2025-12-19 16:00:00,0.24091,0.25443,0.24044,0.25083,19426560.0
2025-12-19 20:00:00,0.25091,0.26862,0.24383,0.26099,36729298.0
2025-12-20 00:00:00,0.26085,0.26089,0.24769,0.2503,20167820.0
2025-12-20 04:00:00,0.2502,0.25188,0.235,0.24026,20594881.0
2025-12-20 08:00:00,0.24027,0.24884,0.23818,0.24439,14337941.0
2025-12-20 12:00:00,0.24447,0.25032,0.24091,0.2492,12664633.0
2025-12-20 16:00:00,0.24921,0.26049,0.24559,0.25616,15028152.0
2025-12-20 20:00:00,0.25624,0.26277,0.247,0.25088,10711713.0
2025-12-21 00:00:00,0.25086,0.26986,0.24241,0.25864,19303772.0
2025-12-21 04:00:00,0.25875,0.28271,0.25453,0.25609,27982168.0
2025-12-21 08:00:00,0.2561,0.26777,0.24514,0.26777,18424786.0
2025-12-21 12:00:00,0.26775,0.27855,0.25195,0.27326,38258312.0
2025-12-21 16:00:00,0.27329,0.32999,0.26564,0.3101,59952541.0
2025-12-21 20:00:00,0.30999,0.33276,0.3012,0.31249,29581716.0
2025-12-22 00:00:00,0.31249,0.33148,0.30162,0.3082,39423499.0
2025-12-22 04:00:00,0.30826,0.34586,0.296,0.34277,38015653.0
2025-12-22 08:00:00,0.34289,0.34395,0.30223,0.31214,57810599.0
2025-12-22 12:00:00,0.31224,0.31858,0.27633,0.28508,31350280.0
2025-12-22 16:00:00,0.28522,0.2972,0.27755,0.2881,17286976.0
2025-12-22 20:00:00,0.28811,0.30533,0.28544,0.29799,8388085.0
2025-12-23 00:00:00,0.29791,0.30376,0.2839,0.29216,13166689.0
2025-12-23 04:00:00,0.29216,0.30073,0.28706,0.2885,9049131.0
2025-12-23 08:00:00,0.28857,0.3012,0.28052,0.29455,10560088.0
2025-12-23 12:00:00,0.29463,0.31423,0.28708,0.30984,14821235.0
2025-12-23 16:00:00,0.30986,0.336,0.30642,0.32911,53366760.0
2025-12-23 20:00:00,0.32904,0.3745,0.3138,0.36821,35801307.0
2025-12-24 00:00:00,0.36821,0.36952,0.3201,0.33815,43483281.0
2025-12-24 04:00:00,0.33814,0.35875,0.33171,0.3522,27413744.0
2025-12-24 08:00:00,0.35226,0.37766,0.3366,0.35708,49920471.0
2025-12-24 12:00:00,0.35715,0.40988,0.35123,0.40516,85488014.0
2025-12-24 16:00:00,0.40521,0.418,0.34373,0.35177,86281679.0
2025-12-24 20:00:00,0.35172,0.365,0.331,0.33596,39611867.0
2025-12-25 00:00:00,0.33596,0.37179,0.33287,0.33642,29586129.0
2025-12-25 04:00:00,0.33644,0.35217,0.31581,0.34481,33914856.0
2025-12-25 08:00:00,0.3447,0.35776,0.30055,0.30199,33192258.0
2025-12-25 12:00:00,0.30208,0.30332,0.2555,0.26708,81814866.0
2025-12-25 16:00:00,0.26704,0.268,0.224,0.24586,119076188.0
2025-12-25 20:00:00,0.24585,0.25482,0.225,0.23625,52988639.0
2025-12-26 00:00:00,0.23625,0.2424,0.22628,0.23402,34484310.0
2025-12-26 04:00:00,0.234,0.23753,0.22578,0.22934,26577731.0
2025-12-26 08:00:00,0.22936,0.23486,0.20001,0.21415,80386875.0
2025-12-26 12:00:00,0.21406,0.28342,0.21,0.28006,159033001.0
2025-12-26 16:00:00,0.27998,0.30162,0.26334,0.29027,96927159.0
2025-12-26 20:00:00,0.29021,0.3,0.27507,0.28197,54512307.0
2025-12-27 00:00:00,0.28196,0.30556,0.27687,0.30343,43525049.0
2025-12-27 04:00:00,0.30348,0.3275,0.30136,0.30963,127327926.0
2025-12-27 08:00:00,0.30963,0.31983,0.3006,0.30515,110793703.0
2025-12-27 12:00:00,0.30523,0.32495,0.305,0.31521,105345469.0
2025-12-27 16:00:00,0.31523,0.343,0.31001,0.33447,49014553.0
2025-12-27 20:00:00,0.3344,0.34417,0.32968,0.33217,42329675.0
2025-12-28 00:00:00,0.33209,0.33785,0.325,0.327,28515160.0
2025-12-28 04:00:00,0.32714,0.35769,0.32704,0.33841,43962516.0
2025-12-28 08:00:00,0.33831,0.34443,0.32235,0.32526,21866473.0
2025-12-28 12:00:00,0.32525,0.32875,0.31523,0.3227,24215501.0
2025-12-28 16:00:00,0.32268,0.35419,0.32133,0.3254,38232278.0
2025-12-28 20:00:00,0.32541,0.33369,0.32301,0.3293,11676456.0
2025-12-29 00:00:00,0.32935,0.33389,0.31734,0.32467,11048667.0
2025-12-29 04:00:00,0.32462,0.32501,0.31,0.31548,16899175.0
2025-12-29 08:00:00,0.31542,0.379,0.31172,0.37364,36178613.0
2025-12-29 12:00:00,0.37365,0.3816,0.34507,0.36491,48774081.0
2025-12-29 16:00:00,0.36487,0.37199,0.34759,0.36473,21674494.0
2025-12-29 20:00:00,0.36474,0.36868,0.35147,0.35473,10561416.0
2025-12-30 00:00:00,0.35473,0.364,0.34184,0.34544,16630968.0
2025-12-30 04:00:00,0.34544,0.34685,0.33448,0.33755,12830974.0
2025-12-30 08:00:00,0.33758,0.34441,0.32221,0.32858,17264725.0
2025-12-30 12:00:00,0.32842,0.33705,0.32419,0.32746,10508814.0
2025-12-30 16:00:00,0.32749,0.34284,0.322,0.32837,9576187.0
2025-12-30 20:00:00,0.32828,0.33664,0.32367,0.33219,5261838.0
2025-12-31 00:00:00,0.33219,0.33776,0.32304,0.328,7874709.0
2025-12-31 04:00:00,0.32799,0.34968,0.316,0.34265,22077679.0
2025-12-31 08:00:00,0.34234,0.35491,0.33207,0.33469,16927190.0
2025-12-31 12:00:00,0.33471,0.35211,0.32564,0.34713,22559500.0
2025-12-31 16:00:00,0.34732,0.3665,0.34024,0.35142,16343746.0
2025-12-31 20:00:00,0.35144,0.36232,0.34248,0.35145,10330476.0
2026-01-01 00:00:00,0.35145,0.35496,0.34061,0.34364,7711393.0
2026-01-01 04:00:00,0.34363,0.36,0.33812,0.33905,11633430.0
2026-01-01 08:00:00,0.33919,0.37,0.33518,0.36522,15719379.0
2026-01-01 12:00:00,0.36518,0.36847,0.31845,0.32495,22898125.0
2026-01-01 16:00:00,0.32494,0.34285,0.32269,0.33421,12041066.0
2026-01-01 20:00:00,0.3342,0.33798,0.3285,0.33213,4760828.0
2026-01-02 00:00:00,0.33215,0.33493,0.32112,0.3269,5925739.0
2026-01-02 04:00:00,0.32689,0.32799,0.27696,0.27903,29606539.0
2026-01-02 08:00:00,0.27899,0.29488,0.27127,0.28581,28422207.0
2026-01-02 12:00:00,0.28581,0.34028,0.28341,0.33007,28250668.0
2026-01-02 16:00:00,0.33009,0.33988,0.31643,0.32937,20330438.0
2026-01-02 20:00:00,0.32939,0.37,0.32633,0.34629,13234076.0
2026-01-03 00:00:00,0.34628,0.35979,0.33229,0.33493,15528374.0
2026-01-03 04:00:00,0.33493,0.35042,0.32253,0.34387,18560800.0
2026-01-03 08:00:00,0.34386,0.34389,0.30884,0.31512,17438566.0
2026-01-03 12:00:00,0.31518,0.32117,0.30653,0.30769,8700884.0
2026-01-03 16:00:00,0.30767,0.32084,0.30756,0.31478,7214478.0
2026-01-03 20:00:00,0.31478,0.32705,0.3108,0.31544,6329065.0
2026-01-04 00:00:00,0.31542,0.31987,0.31025,0.31455,7191568.0
2026-01-04 04:00:00,0.31454,0.32292,0.31055,0.31414,8348128.0
2026-01-04 08:00:00,0.31415,0.31784,0.30792,0.30855,7881699.0
2026-01-04 12:00:00,0.30846,0.31006,0.29143,0.29314,14795599.0
2026-01-04 16:00:00,0.29313,0.30383,0.289,0.29895,14044726.0
2026-01-04 20:00:00,0.29894,0.2995,0.28984,0.29128,5330789.0
2026-01-05 00:00:00,0.29128,0.29764,0.287,0.29169,7746160.0
2026-01-05 04:00:00,0.2917,0.29173,0.264,0.27223,20354016.0
2026-01-05 08:00:00,0.27223,0.27389,0.25,0.25953,21768688.0
2026-01-05 12:00:00,0.25946,0.25949,0.24214,0.24423,17694529.0
2026-01-05 16:00:00,0.24425,0.2639,0.23733,0.25656,21315800.0
2026-01-05 20:00:00,0.25655,0.26074,0.2502,0.25802,7713182.0
2026-01-06 00:00:00,0.25802,0.26192,0.252,0.25751,8085781.0
2026-01-06 04:00:00,0.25751,0.25862,0.24113,0.24234,9706059.0
2026-01-06 08:00:00,0.24238,0.24718,0.23169,0.24099,14943196.0
2026-01-06 12:00:00,0.24099,0.24102,0.23303,0.23887,12367742.0
2026-01-06 16:00:00,0.23887,0.23892,0.22598,0.2323,10501429.0
2026-01-06 20:00:00,0.23229,0.23621,0.23095,0.23515,7152868.0
2026-01-07 00:00:00,0.23517,0.25049,0.22411,0.24002,18715937.0
2026-01-07 04:00:00,0.24001,0.26042,0.23711,0.25263,19611836.0
2026-01-07 08:00:00,0.25263,0.26261,0.24645,0.24888,17211861.0
2026-01-07 12:00:00,0.24892,0.25054,0.23888,0.24166,11622735.0
2026-01-07 16:00:00,0.24167,0.24664,0.2311,0.23185,9644073.0
2026-01-07 20:00:00,0.23186,0.23421,0.22504,0.22653,7143786.0
2026-01-08 00:00:00,0.22652,0.23604,0.224,0.22974,8461142.0
2026-01-08 04:00:00,0.22973,0.23767,0.22855,0.23477,9930410.0
2026-01-08 08:00:00,0.23477,0.23535,0.22236,0.22699,9919340.0
2026-01-08 12:00:00,0.22699,0.233,0.22046,0.22353,12338079.0
2026-01-08 16:00:00,0.22353,0.23187,0.22343,0.22918,6694936.0
2026-01-08 20:00:00,0.22917,0.22946,0.22415,0.22657,3639196.0
2026-01-09 00:00:00,0.22656,0.24079,0.22624,0.24016,9696857.0
2026-01-09 04:00:00,0.24015,0.24339,0.2329,0.23393,9250494.0
2026-01-09 08:00:00,0.23393,0.24664,0.22744,0.24257,13058992.0
2026-01-09 12:00:00,0.24256,0.24507,0.21339,0.2265,31589133.0
2026-01-09 16:00:00,0.22651,0.22882,0.22165,0.22358,5519298.0
2026-01-09 20:00:00,0.22356,0.22856,0.22211,0.22739,2920082.0
2026-01-10 00:00:00,0.22735,0.23134,0.22355,0.22448,4628981.0
2026-01-10 04:00:00,0.22448,0.22658,0.20255,0.20841,20083079.0
2026-01-10 08:00:00,0.2084,0.21174,0.17006,0.17592,107423977.0
2026-01-10 12:00:00,0.17588,0.17883,0.1622,0.1664,69169901.0
2026-01-10 16:00:00,0.16635,0.17346,0.1644,0.17017,34154093.0
2026-01-10 20:00:00,0.17017,0.17135,0.164,0.16557,26062661.0
2026-01-11 00:00:00,0.16557,0.1706,0.16311,0.16526,32914215.0
2026-01-11 04:00:00,0.16522,0.16596,0.13514,0.13723,150279236.0
2026-01-11 08:00:00,0.13724,0.13759,0.12634,0.13019,147863000.0
2026-01-11 12:00:00,0.13026,0.14163,0.12981,0.1406,101972157.0
2026-01-11 16:00:00,0.14066,0.14979,0.13608,0.13964,84046140.0
2026-01-11 20:00:00,0.13965,0.15447,0.13938,0.14779,74004751.0
2026-01-12 00:00:00,0.14779,0.16043,0.146,0.14648,52351806.0
2026-01-12 04:00:00,0.14654,0.15642,0.14312,0.14888,54722831.0
2026-01-12 08:00:00,0.14891,0.16491,0.14477,0.14792,173128274.0
2026-01-12 12:00:00,0.14793,0.15159,0.1405,0.14388,81588241.0
2026-01-12 16:00:00,0.14388,0.1452,0.13576,0.13842,41947382.0
2026-01-12 20:00:00,0.13842,0.14255,0.1334,0.1402,28720832.0
2026-01-13 00:00:00,0.1402,0.14349,0.13716,0.1401,22923833.0
2026-01-13 04:00:00,0.1401,0.14883,0.13962,0.14571,31411928.0
2026-01-13 08:00:00,0.14573,0.15337,0.14552,0.1524,35273905.0
2026-01-13 12:00:00,0.15239,0.16119,0.15234,0.15838,44768409.0
2026-01-13 16:00:00,0.15838,0.167,0.15248,0.16198,43164035.0
2026-01-13 20:00:00,0.16199,0.16265,0.14914,0.15127,28736524.0
2026-01-14 00:00:00,0.15126,0.15573,0.14765,0.15297,19569026.0
2026-01-14 04:00:00,0.15293,0.16266,0.14949,0.1557,30186423.0
2026-01-14 08:00:00,0.15571,0.16022,0.15122,0.15194,22271455.0
2026-01-14 12:00:00,0.15195,0.15892,0.15146,0.15817,20655519.0
2026-01-14 16:00:00,0.15816,0.17656,0.15639,0.16982,36409040.0
2026-01-14 20:00:00,0.16984,0.17127,0.16009,0.16412,18111355.0
2026-01-15 00:00:00,0.16412,0.17865,0.16173,0.17132,37452194.0
2026-01-15 04:00:00,0.17137,0.17654,0.16431,0.16733,29474175.0
2026-01-15 08:00:00,0.16732,0.17155,0.16085,0.16817,30893290.0
2026-01-15 12:00:00,0.16823,0.17413,0.16281,0.17067,32319651.0
2026-01-15 16:00:00,0.17062,0.17184,0.13718,0.14711,65437749.0
2026-01-15 20:00:00,0.1471,0.14964,0.1435,0.14629,12369705.0
2026-01-16 00:00:00,0.1463,0.15018,0.14621,0.14983,8475263.0
2026-01-16 04:00:00,0.1498,0.156,0.14961,0.1532,12998872.0
2026-01-16 08:00:00,0.15319,0.1566,0.15049,0.15337,9420074.0
2026-01-16 12:00:00,0.15334,0.16054,0.15222,0.15504,15292384.0
2026-01-16 16:00:00,0.15503,0.1561,0.15085,0.15274,9628727.0
2026-01-16 20:00:00,0.15275,0.15576,0.15131,0.15355,5480629.0
2026-01-17 00:00:00,0.15356,0.15463,0.15122,0.1526,4777059.0
2026-01-17 04:00:00,0.15258,0.15637,0.14853,0.15535,9372742.0
2026-01-17 08:00:00,0.15535,0.16009,0.15283,0.15798,8739667.0
2026-01-17 12:00:00,0.15797,0.16434,0.15442,0.15966,11425775.0
2026-01-17 16:00:00,0.15965,0.16327,0.15592,0.15631,7337101.0
2026-01-17 20:00:00,0.15632,0.15687,0.15331,0.15418,3764129.0
2026-01-18 00:00:00,0.15404,0.16259,0.1537,0.16134,8414699.0
2026-01-18 04:00:00,0.16129,0.16363,0.15844,0.16027,7087343.0
2026-01-18 08:00:00,0.16026,0.16054,0.151,0.15304,9322055.0
2026-01-18 12:00:00,0.15305,0.15808,0.15249,0.15516,7060184.0
2026-01-18 16:00:00,0.15516,0.16315,0.15343,0.16114,9286310.0
2026-01-18 20:00:00,0.16115,0.16222,0.15663,0.15823,7902825.0
2026-01-19 00:00:00,0.15822,0.15828,0.126,0.15209,27595879.0
2026-01-19 04:00:00,0.15209,0.16,0.15164,0.15997,11767162.0
2026-01-19 08:00:00,0.15994,0.17,0.15664,0.16711,21461168.0
2026-01-19 12:00:00,0.1671,0.17464,0.16186,0.1667,29070465.0
2026-01-19 16:00:00,0.16669,0.17049,0.16359,0.16744,13579175.0
2026-01-19 20:00:00,0.16746,0.16909,0.16,0.1633,9704593.0
2026-01-20 00:00:00,0.16329,0.173,0.15893,0.17103,17588875.0
2026-01-20 04:00:00,0.17109,0.17859,0.16652,0.16897,23212026.0
2026-01-20 08:00:00,0.16897,0.17048,0.1609,0.1639,13306891.0
2026-01-20 12:00:00,0.1639,0.16553,0.155,0.15662,12343252.0
2026-01-20 16:00:00,0.1566,0.15887,0.1522,0.15283,7052635.0
2026-01-20 20:00:00,0.15283,0.15997,0.15043,0.15151,7672591.0
2026-01-21 00:00:00,0.15151,0.15659,0.15134,0.15626,5876330.0
2026-01-21 04:00:00,0.15626,0.184,0.15621,0.17692,19575309.0
2026-01-21 08:00:00,0.17701,0.19969,0.17475,0.18225,49244213.0
2026-01-21 12:00:00,0.18232,0.19775,0.18041,0.19584,40207278.0
2026-01-21 16:00:00,0.19584,0.21,0.1914,0.20558,50464697.0
2026-01-21 20:00:00,0.20563,0.2072,0.19675,0.20174,20794457.0
2026-01-22 00:00:00,0.20175,0.21846,0.18265,0.19443,71491138.0
2026-01-22 04:00:00,0.19442,0.19944,0.18788,0.19688,27160591.0
2026-01-22 08:00:00,0.19688,0.20954,0.19534,0.20381,23258735.0
2026-01-22 12:00:00,0.20381,0.208,0.19206,0.19247,17781486.0
2026-01-22 16:00:00,0.19253,0.20122,0.19228,0.19827,8071882.0
2026-01-22 20:00:00,0.19825,0.2097,0.1947,0.20529,9074151.0
2026-01-23 00:00:00,0.20527,0.20627,0.1969,0.19993,6579238.0
2026-01-23 04:00:00,0.19992,0.20442,0.1951,0.19981,6780056.0
2026-01-23 08:00:00,0.19986,0.21124,0.19709,0.19918,10984315.0
2026-01-23 12:00:00,0.1992,0.20759,0.19779,0.20587,8089827.0
2026-01-23 16:00:00,0.20594,0.2199,0.20101,0.20622,18888696.0
2026-01-23 20:00:00,0.20619,0.21492,0.20443,0.20954,8844882.0
2026-01-24 00:00:00,0.20959,0.219,0.20924,0.21789,6602855.0
2026-01-24 04:00:00,0.21788,0.234,0.21477,0.22902,25045636.0
2026-01-24 08:00:00,0.2291,0.23386,0.21586,0.22493,17643616.0
2026-01-24 12:00:00,0.22487,0.22659,0.21804,0.22062,11969747.0
2026-01-24 16:00:00,0.22063,0.22742,0.21966,0.22136,5572751.0
2026-01-24 20:00:00,0.22128,0.2214,0.21023,0.21257,6918131.0
2026-01-25 00:00:00,0.21257,0.21629,0.20323,0.21165,8246026.0
2026-01-25 04:00:00,0.21164,0.21413,0.2084,0.21009,3982294.0
2026-01-25 08:00:00,0.21008,0.21525,0.20201,0.20488,7634547.0
2026-01-25 12:00:00,0.20493,0.207,0.19855,0.20147,4966465.0
2026-01-25 16:00:00,0.20153,0.20325,0.1908,0.19157,8840153.0
2026-01-25 20:00:00,0.19151,0.19978,0.18802,0.19558,6426662.0
2026-01-26 00:00:00,0.1956,0.19999,0.19533,0.19836,4267096.0
2026-01-26 04:00:00,0.19834,0.20636,0.19473,0.20633,12556241.0
2026-01-26 08:00:00,0.20622,0.2079,0.19996,0.20176,9340714.0
2026-01-26 12:00:00,0.20177,0.22023,0.20077,0.21887,12905854.0
2026-01-26 16:00:00,0.21887,0.225,0.21009,0.21207,14585245.0
2026-01-26 20:00:00,0.21202,0.21274,0.20505,0.20629,4048998.0
2026-01-27 00:00:00,0.2063,0.21414,0.2016,0.2087,6693541.0
2026-01-27 04:00:00,0.2087,0.21367,0.20132,0.20661,5747766.0
2026-01-27 08:00:00,0.20664,0.22584,0.20664,0.21596,13883148.0
2026-01-27 12:00:00,0.21616,0.224,0.21128,0.21476,8182782.0
2026-01-27 16:00:00,0.21476,0.21701,0.21225,0.21492,2767619.0
2026-01-27 20:00:00,0.21487,0.22376,0.21472,0.21928,3231522.0
2026-01-28 00:00:00,0.21927,0.2209,0.20268,0.20643,8305814.0
2026-01-28 04:00:00,0.20643,0.20731,0.194,0.19876,10539258.0
2026-01-28 08:00:00,0.19877,0.20377,0.1964,0.20292,5313062.0
2026-01-28 12:00:00,0.20296,0.20544,0.19818,0.19979,4678828.0
2026-01-28 16:00:00,0.1998,0.20342,0.19735,0.19906,3074574.0
2026-01-28 20:00:00,0.19907,0.20083,0.19527,0.19733,3722474.0
2026-01-29 00:00:00,0.19738,0.19947,0.19144,0.19384,5125323.0
2026-01-29 04:00:00,0.19382,0.19574,0.19212,0.19312,2310765.0
2026-01-29 08:00:00,0.19313,0.1956,0.19108,0.19164,3012492.0
2026-01-29 12:00:00,0.19166,0.19755,0.191,0.19546,4075667.0
2026-01-29 16:00:00,0.19549,0.19634,0.1915,0.19446,3546107.0
2026-01-29 20:00:00,0.19446,0.20047,0.19424,0.19984,1586624.0
2026-01-30 00:00:00,0.19984,0.20147,0.19201,0.19235,3838981.0
2026-01-30 04:00:00,0.19236,0.19746,0.19124,0.19518,2704071.0
2026-01-30 08:00:00,0.19517,0.19632,0.1915,0.19472,2345844.0
2026-01-30 12:00:00,0.19468,0.20251,0.19462,0.19979,4667184.0
2026-01-30 16:00:00,0.19984,0.20204,0.19344,0.20096,3768033.0
2026-01-30 20:00:00,0.20092,0.20127,0.19531,0.1973,2104384.0
2026-01-31 00:00:00,0.19738,0.19794,0.19258,0.19279,1158902.0
2026-01-31 04:00:00,0.19264,0.19379,0.18016,0.18414,4722966.0
2026-01-31 08:00:00,0.18419,0.18952,0.18041,0.183,2671292.0
2026-01-31 12:00:00,0.18304,0.18675,0.17886,0.1824,4771114.0
2026-01-31 16:00:00,0.1824,0.183,0.16971,0.17867,6259013.0
2026-01-31 20:00:00,0.17869,0.1879,0.17869,0.18616,2198533.0
2026-02-01 00:00:00,0.18609,0.19251,0.18443,0.19165,2193481.0
2026-02-01 04:00:00,0.19157,0.19726,0.18871,0.19437,3396125.0
2026-02-01 08:00:00,0.19454,0.20009,0.19283,0.19413,4296407.0
2026-02-01 12:00:00,0.19412,0.19734,0.1909,0.19437,5243418.0
2026-02-01 16:00:00,0.1943,0.1953,0.19099,0.1945,3210286.0
2026-02-01 20:00:00,0.19458,0.19735,0.188,0.19503,3228368.0
2026-02-02 00:00:00,0.1951,0.19771,0.18888,0.19312,4620841.0
2026-02-02 04:00:00,0.19315,0.19708,0.19154,0.1939,2445303.0
2026-02-02 08:00:00,0.1939,0.1953,0.19152,0.19329,1586270.0
2026-02-02 12:00:00,0.19323,0.19577,0.19155,0.19417,2274055.0
2026-02-02 16:00:00,0.19417,0.19546,0.19111,0.19263,1478985.0
2026-02-02 20:00:00,0.19263,0.19275,0.18744,0.18786,1605028.0
2026-02-03 00:00:00,0.18784,0.18828,0.18304,0.18527,2168784.0
2026-02-03 04:00:00,0.18537,0.18991,0.18461,0.18935,1280579.0
2026-02-03 08:00:00,0.18939,0.19727,0.18887,0.19355,2870499.0
2026-02-03 12:00:00,0.19355,0.19627,0.19323,0.19524,2010063.0
2026-02-03 16:00:00,0.19527,0.19629,0.18832,0.19406,2841540.0
2026-02-03 20:00:00,0.19406,0.19655,0.19083,0.19215,2142606.0
2026-02-04 00:00:00,0.19211,0.1974,0.19168,0.19485,2155049.0
2026-02-04 04:00:00,0.19487,0.1994,0.19448,0.199,1792263.0
2026-02-04 08:00:00,0.199,0.20322,0.19389,0.19486,4386257.0
2026-02-04 12:00:00,0.19492,0.19578,0.19178,0.19336,2113983.0
2026-02-04 16:00:00,0.1934,0.19591,0.19016,0.19529,2107424.0
2026-02-04 20:00:00,0.19537,0.19565,0.1922,0.19438,937540.0
2026-02-05 00:00:00,0.19455,0.19485,0.1917,0.19319,1638009.0
2026-02-05 04:00:00,0.19322,0.19979,0.19201,0.19626,2649491.0
2026-02-05 08:00:00,0.19633,0.19969,0.1949,0.19575,1513551.0
2026-02-05 12:00:00,0.19586,0.19733,0.191,0.19375,3443133.0
2026-02-05 16:00:00,0.19384,0.19424,0.18847,0.19308,4248731.0
2026-02-05 20:00:00,0.1931,0.20207,0.19045,0.19597,5365635.0
2026-02-06 00:00:00,0.19609,0.2107,0.1923,0.20073,7846565.0
2026-02-06 04:00:00,0.20064,0.21037,0.20021,0.20742,4062989.0
2026-02-06 08:00:00,0.20745,0.219,0.20553,0.2108,8099494.0
2026-02-06 12:00:00,0.21088,0.21289,0.20628,0.20858,4728100.0
2026-02-06 16:00:00,0.20863,0.21287,0.2002,0.20129,3321478.0
2026-02-06 20:00:00,0.20129,0.20347,0.1993,0.20173,1262960.0
2026-02-07 00:00:00,0.20164,0.20594,0.2014,0.20572,1605827.0
2026-02-07 04:00:00,0.20576,0.21726,0.20159,0.20426,4310396.0
2026-02-07 08:00:00,0.20418,0.20851,0.2028,0.20519,1526164.0
2026-02-07 12:00:00,0.20524,0.20855,0.20445,0.20763,1282573.0
2026-02-07 16:00:00,0.20769,0.21063,0.20586,0.20774,1900826.0
2026-02-07 20:00:00,0.2077,0.20777,0.20377,0.20507,516442.0
2026-02-08 00:00:00,0.20515,0.20832,0.20434,0.2063,623596.0
2026-02-08 04:00:00,0.20637,0.20695,0.20348,0.20643,736914.0
2026-02-08 08:00:00,0.20636,0.20721,0.18829,0.19528,4847248.0
2026-02-08 12:00:00,0.19521,0.19615,0.18381,0.19494,6226954.0
2026-02-08 16:00:00,0.19494,0.215,0.1943,0.21093,7098524.0
2026-02-08 20:00:00,0.21098,0.21322,0.20839,0.21053,1921805.0
2026-02-09 00:00:00,0.2105,0.22452,0.21025,0.21869,3463283.0
2026-02-09 04:00:00,0.21876,0.22222,0.21256,0.21711,3351683.0
2026-02-09 08:00:00,0.21714,0.22254,0.21223,0.22126,7251006.0
2026-02-09 12:00:00,0.22139,0.23199,0.19899,0.22973,51833409.0
2026-02-09 16:00:00,0.22972,0.25866,0.22346,0.25729,53582456.0
2026-02-09 20:00:00,0.25729,0.263,0.245,0.25461,27027791.0
2026-02-10 00:00:00,0.25452,0.27,0.24882,0.26893,39684965.0
2026-02-10 04:00:00,0.26909,0.28203,0.2635,0.27935,63610495.0
2026-02-10 08:00:00,0.27935,0.31848,0.27255,0.30242,184065343.0
2026-02-10 12:00:00,0.30261,0.41587,0.28838,0.38911,539033621.0
2026-02-10 16:00:00,0.38912,0.40384,0.33584,0.36134,429619826.0
2026-02-10 20:00:00,0.36135,0.39948,0.35085,0.37388,139017895.0
2026-02-11 00:00:00,0.37393,0.40832,0.34904,0.37458,195398571.0
2026-02-11 04:00:00,0.37457,0.40642,0.35912,0.39666,161751678.0
2026-02-11 08:00:00,0.39668,0.4435,0.374,0.39828,280658570.0
2026-02-11 12:00:00,0.39827,0.423,0.34365,0.35128,260487722.0
2026-02-11 16:00:00,0.35128,0.40376,0.33618,0.39291,218947641.0
2026-02-11 20:00:00,0.39292,0.41,0.36858,0.39239,54790736.0
2026-02-12 00:00:00,0.39241,0.4,0.3765,0.37792,33123124.0
2026-02-12 04:00:00,0.37794,0.4075,0.364,0.40394,45972506.0
2026-02-12 08:00:00,0.40417,0.435,0.39,0.4098,88687542.0
2026-02-12 12:00:00,0.4098,0.42,0.40006,0.41473,41404664.0
2026-02-12 16:00:00,0.41473,0.418,0.39414,0.40432,43272036.0
2026-02-12 20:00:00,0.40441,0.41982,0.39931,0.41652,21147054.0
2026-02-13 00:00:00,0.41656,0.418,0.39587,0.41427,28940144.0
2026-02-13 04:00:00,0.41427,0.42786,0.40886,0.41914,42678401.0
2026-02-13 08:00:00,0.41921,0.49125,0.39688,0.4137,85225405.0
2026-02-13 12:00:00,0.41366,0.45652,0.39121,0.41943,136149861.0
2026-02-13 16:00:00,0.41944,0.42301,0.21845,0.25145,587243130.0
2026-02-13 20:00:00,0.25143,0.28874,0.2461,0.26989,114610880.0
2026-02-14 00:00:00,0.26989,0.29159,0.26984,0.28531,45949792.0
2026-02-14 04:00:00,0.28532,0.3042,0.26118,0.28233,91713585.0
2026-02-14 08:00:00,0.28233,0.29847,0.26802,0.28375,53183240.0
2026-02-14 12:00:00,0.28376,0.2893,0.27085,0.27207,31916682.0
2026-02-14 16:00:00,0.2721,0.28518,0.26225,0.26704,38516186.0
2026-02-14 20:00:00,0.26703,0.27008,0.25041,0.2537,21859605.0
2026-02-15 00:00:00,0.25371,0.25465,0.21651,0.22238,44471895.0
2026-02-15 04:00:00,0.22237,0.22296,0.204,0.21275,72459555.0
2026-02-15 08:00:00,0.21275,0.22444,0.201,0.2038,51882303.0
2026-02-15 12:00:00,0.20379,0.2042,0.18578,0.19129,57890891.0
2026-02-15 16:00:00,0.19128,0.2394,0.17376,0.22466,149728635.0
2026-02-15 20:00:00,0.22469,0.23928,0.21488,0.22193,54008008.0
2026-02-16 00:00:00,0.22193,0.22727,0.2145,0.2177,33888695.0
2026-02-16 04:00:00,0.21772,0.22551,0.21565,0.22064,20251738.0
2026-02-16 08:00:00,0.22065,0.23267,0.2004,0.20249,48982114.0
2026-02-16 12:00:00,0.2025,0.22138,0.20136,0.21898,37146755.0
2026-02-16 16:00:00,0.21896,0.2931,0.21769,0.28882,173683497.0
2026-02-16 20:00:00,0.28883,0.32552,0.28594,0.29413,88648622.0
