timestamp,dev_activity_1d,dev_activity_contributors_count_7d,sentiment_balance_total,sentiment_balance_total_v2,sentiment_negative_total,sentiment_positive_total,sentiment_volume_consumed_total,sentiment_weighted_total,sentiment_weighted_total_1d,sentiment_weighted_total_1d_v2,sentiment_weighted_total_1h,sentiment_weighted_total_1h_v2,sentiment_weighted_total_v2,social_dominance_ai_total,social_dominance_total,social_volume_ai_total,social_volume_total,unique_social_volume_total_1d,unique_social_volume_total_1h,unique_social_volume_total_5m
2025-08-29 00:00:00,0.0,0.0,,,,,,,,,,,,,,,,,,
2025-08-30 00:00:00,0.0,0.0,,,,,,,,,,,,,,,,,,
2025-08-31 00:00:00,0.0,0.0,,,,,,,,,,,,,,,,,,
2025-09-01 00:00:00,0.0,0.0,,,,,,,,,,,,,,,,,,
2025-09-02 00:00:00,0.0,0.0,,,,,,,,,,,,,,,,,,
2025-09-03 00:00:00,0.0,0.0,,,,,,,,,,,,,,,,,,
2025-09-04 00:00:00,0.0,0.0,,,,,,,,,,,,,,,,,,
2025-09-05 00:00:00,0.0,0.0,,,,,,,,,,,,,,,,,,
2025-09-06 00:00:00,0.0,0.0,,,,,,,,,,,,,,,,,,
2025-09-07 00:00:00,0.0,0.0,,,,,,,,,,,,,,,,,,
2025-09-08 00:00:00,0.0,0.0,,,,,,,,,,,,,,,,,,
2025-09-09 00:00:00,0.0,0.0,,,,,,,,,,,,,,,,,,
2025-09-10 00:00:00,0.0,0.0,,,,,,,,,,,,,,,,,,
2025-09-11 00:00:00,0.0,0.0,,,,,,,,,,,,,,,,,,
2025-09-12 00:00:00,0.0,0.0,,,,,,,,,,,,,,,,,,
2025-09-13 00:00:00,0.0,0.0,,,,,,,,,,,,,,,,,,
2025-09-14 00:00:00,0.0,0.0,,,,,,,,,,,,,,,,,,
2025-09-15 00:00:00,0.0,0.0,,,,,,,,,,,,,,,,,,
2025-09-16 00:00:00,0.0,0.0,,,,,,,,,,,,,,,,,,
2025-09-17 00:00:00,0.0,0.0,,,,,,,,,,,,,,,,,,
2025-09-18 00:00:00,0.0,0.0,,,,,,,,,,,,,,,,,,
2025-09-19 00:00:00,0.0,0.0,,,,,,,,,,,,,,,,,,
2025-09-20 00:00:00,0.0,0.0,,,,,,,,,,,,,,,,,,
2025-09-21 00:00:00,0.0,0.0,,,,,,,,,,,,,,,,,,
2025-09-22 00:00:00,0.0,0.0,,,,,,,,,,,,,,,,,,
2025-09-23 00:00:00,0.0,0.0,,,,,,,,,,,,,,,,,,
2025-09-24 00:00:00,0.0,0.0,,,,,,,0.0,0.0,,,,,,,,1.0,,
2025-09-24 20:00:00,,,0.0,0.0,0.0,0.0,0.0,0.0,,,,,0.0,0.0,0.0,0.0,0.0,,,0.0
2025-09-25 00:00:00,0.0,0.0,0.938401460648,0.938401460648,0.0,0.938401460648,0.0,0.0,0.707106781187,0.707106781187,0.596284794,0.596284794,0.0,0.0,0.179284676834,0.0,4.0,6.0,2.0,2.0
2025-09-25 04:00:00,,,0.0,0.0,0.0,0.0,0.0,0.0,,,-0.36827487185,-0.36827487185,0.0,0.0,0.0,0.0,0.0,,0.0,0.0
2025-09-25 08:00:00,,,1.539610564709,1.539610564709,0.0,1.539610564709,0.040011524979,0.040011524979,,,0.093351480212,0.093351480212,0.040011524979,0.067204301075,0.048868312757,1.0,2.0,,1.0,1.0
2025-09-25 12:00:00,,,3.209172189236,3.209172189236,0.0,3.209172189236,0.048161450902,0.048161450902,,,0.603723805418,0.603723805418,0.048161450902,0.044916508138,0.097062545833,2.0,5.0,,3.0,3.0
2025-09-25 16:00:00,,,0.0,0.0,0.0,0.0,-0.081487850425,-0.081487850425,,,-0.402345627972,-0.402345627972,-0.081487850425,0.0,0.0,0.0,0.0,,0.0,0.0
2025-09-25 20:00:00,,,0.0,0.0,0.0,0.0,0.0,0.0,,,-0.362779487465,-0.362779487465,0.0,0.0,0.0,0.0,0.0,,0.0,0.0
2025-09-26 00:00:00,0.0,0.0,0.715633332729,0.715633332729,0.0,0.715633332729,0.0,0.0,-0.534509540148,-0.534509540148,-0.333035129321,-0.333035129321,0.0,0.0,0.063131313131,0.0,1.0,1.0,0.0,0.0
2025-09-26 04:00:00,,,0.913639903069,0.913639903069,0.0,0.913639903069,0.034676654982,0.034676654982,,,-0.097316757037,-0.097316757037,0.034676654982,0.0,0.030193236715,0.0,1.0,,1.0,1.0
2025-09-26 08:00:00,,,0.0,0.0,0.0,0.0,-0.034676654982,-0.034676654982,,,-0.318066439701,-0.318066439701,-0.034676654982,0.020424836601,0.0,1.0,0.0,,0.0,0.0
2025-09-26 12:00:00,,,0.0,0.0,0.0,0.0,0.0,0.0,,,-0.300369791653,-0.300369791653,0.0,0.0,0.0,0.0,0.0,,0.0,0.0
2025-09-26 16:00:00,,,0.0,0.0,0.0,0.0,0.0,0.0,,,-0.285339062269,-0.285339062269,0.0,0.0,0.0,0.0,0.0,,0.0,0.0
2025-09-26 20:00:00,,,0.0,0.0,0.0,0.0,0.0,0.0,,,-0.272364539505,-0.272364539505,0.0,0.0,0.0,0.0,0.0,,0.0,0.0
2025-09-27 00:00:00,0.0,0.0,0.0,0.0,0.0,0.0,0.0,0.0,-0.531789984971,-0.531789984971,-0.261015721752,-0.261015721752,0.0,0.0,0.0,0.0,0.0,0.0,0.0,0.0
2025-09-27 04:00:00,,,0.0,0.0,0.0,0.0,0.0,0.0,,,-0.250978738394,-0.250978738394,0.0,0.0,0.0,0.0,0.0,,0.0,0.0
2025-09-27 08:00:00,,,0.0,0.0,0.0,0.0,0.0,0.0,,,-0.242018589552,-0.242018589552,0.0,0.0,0.0,0.0,0.0,,0.0,0.0
2025-09-27 12:00:00,,,0.0,0.0,0.0,0.0,0.0,0.0,,,-0.238865371688,-0.238865371688,0.0,0.0,0.0,0.0,0.0,,0.0,0.0
2025-09-27 16:00:00,,,0.0,0.0,0.0,0.0,0.0,0.0,,,-0.20479908863,-0.20479908863,0.0,0.0,0.0,0.0,0.0,,0.0,0.0
2025-09-27 20:00:00,,,0.0,0.0,0.0,0.0,0.0,0.0,,,-0.180588698655,-0.180588698655,0.0,0.0,0.0,0.0,0.0,,0.0,0.0
2025-09-28 00:00:00,0.0,0.0,0.0,0.0,0.0,0.0,0.0,0.0,-0.473709145565,-0.473709145565,-0.152793059205,-0.152793059205,0.0,0.0,0.0,0.0,0.0,0.0,0.0,0.0
2025-09-28 04:00:00,,,0.0,0.0,0.0,0.0,0.0,0.0,,,-0.128036879933,-0.128036879933,0.0,0.0,0.0,0.0,0.0,,0.0,0.0
2025-09-28 08:00:00,,,0.0,0.0,0.0,0.0,0.0,0.0,,,-0.128036879933,-0.128036879933,0.0,0.0,0.0,0.0,0.0,,0.0,0.0
2025-09-28 12:00:00,,,0.0,0.0,0.0,0.0,0.0,0.0,,,-0.128036879933,-0.128036879933,0.0,0.0,0.0,0.0,0.0,,0.0,0.0
2025-09-28 16:00:00,,,0.0,0.0,0.0,0.0,0.0,0.0,,,-0.032009219983,-0.032009219983,0.0,0.0,0.0,0.0,0.0,,0.0,0.0
2025-09-28 20:00:00,,,0.0,0.0,0.0,0.0,0.0,0.0,,,0.0,0.0,0.0,0.0,0.0,0.0,0.0,,0.0,0.0
2025-09-29 00:00:00,0.0,0.0,0.0,0.0,0.0,0.0,0.0,0.0,-0.431383996679,-0.431383996679,0.0,0.0,0.0,0.0,0.0,0.0,0.0,0.0,0.0,0.0
2025-09-29 04:00:00,,,0.0,0.0,0.0,0.0,0.0,0.0,,,0.0,0.0,0.0,0.0,0.0,0.0,0.0,,0.0,0.0
2025-09-29 08:00:00,,,0.0,0.0,0.0,0.0,0.0,0.0,,,0.0,0.0,0.0,0.0,0.0,0.0,0.0,,0.0,0.0
2025-09-29 12:00:00,,,0.0,0.0,0.0,0.0,0.0,0.0,,,0.0,0.0,0.0,0.0,0.0,0.0,0.0,,0.0,0.0
2025-09-29 16:00:00,,,0.0,0.0,0.0,0.0,0.0,0.0,,,0.0,0.0,0.0,0.0,0.0,0.0,0.0,,0.0,0.0
2025-09-29 20:00:00,,,0.0,0.0,0.0,0.0,0.0,0.0,,,0.0,0.0,0.0,0.0,0.0,0.0,0.0,,0.0,0.0
2025-09-30 00:00:00,0.0,0.0,0.0,0.0,0.0,0.0,0.0,0.0,-0.398739021509,-0.398739021509,0.0,0.0,0.0,0.0,0.0,0.0,0.0,0.0,0.0,0.0
2025-09-30 04:00:00,,,0.0,0.0,0.0,0.0,0.0,0.0,,,0.0,0.0,0.0,0.0,0.0,0.0,0.0,,0.0,0.0
2025-09-30 08:00:00,,,0.0,0.0,0.0,0.0,0.0,0.0,,,0.0,0.0,0.0,0.0,0.0,0.0,0.0,,0.0,0.0
2025-09-30 12:00:00,,,0.0,0.0,0.0,0.0,0.0,0.0,,,0.0,0.0,0.0,0.0,0.0,0.0,0.0,,0.0,0.0
2025-09-30 16:00:00,,,0.0,0.0,0.0,0.0,0.0,0.0,,,0.0,0.0,0.0,0.0,0.0,0.0,0.0,,0.0,0.0
2025-09-30 20:00:00,,,0.0,0.0,0.0,0.0,0.0,0.0,,,0.0,0.0,0.0,0.0,0.0,0.0,0.0,,0.0,0.0
2025-10-01 00:00:00,0.0,0.0,0.0,0.0,0.0,0.0,0.0,0.0,-0.372557058776,-0.372557058776,0.0,0.0,0.0,0.0,0.0,0.0,0.0,0.0,0.0,0.0
2025-10-01 04:00:00,,,0.0,0.0,0.0,0.0,0.0,0.0,,,0.0,0.0,0.0,0.0,0.0,0.0,0.0,,0.0,0.0
2025-10-01 08:00:00,,,0.0,0.0,0.0,0.0,0.0,0.0,,,0.0,0.0,0.0,0.0,0.0,0.0,0.0,,0.0,0.0
2025-10-01 12:00:00,,,0.0,0.0,0.0,0.0,0.0,0.0,,,0.0,0.0,0.0,0.0,0.0,0.0,0.0,,0.0,0.0
2025-10-01 16:00:00,,,0.0,0.0,0.0,0.0,0.0,0.0,,,0.0,0.0,0.0,0.0,0.0,0.0,0.0,,0.0,0.0
2025-10-01 20:00:00,,,0.0,0.0,0.0,0.0,0.0,0.0,,,0.0,0.0,0.0,0.0,0.0,0.0,0.0,,0.0,0.0
2025-10-02 00:00:00,0.0,0.0,0.0,0.0,0.0,0.0,0.0,0.0,-0.206710602267,-0.206710602267,0.0,0.0,0.0,0.0,0.0,0.0,0.0,2.0,0.0,0.0
2025-10-02 04:00:00,,,0.0,0.0,0.0,0.0,0.0,0.0,,,0.0,0.0,0.0,0.0,0.040849673203,0.0,1.0,,1.0,1.0
2025-10-02 08:00:00,,,0.0,0.0,0.0,0.0,0.0,0.0,,,0.0,0.0,0.0,0.0,0.026041666667,0.0,1.0,,1.0,1.0
2025-10-02 12:00:00,,,0.92588365078,0.92588365078,0.0,0.92588365078,0.0,0.0,,,0.0,0.0,0.0,0.012939958592,0.017507002801,1.0,1.0,,0.0,0.0
2025-10-02 16:00:00,,,0.0,0.0,0.0,0.0,0.0,0.0,,,0.0,0.0,0.0,0.0,0.0,0.0,0.0,,0.0,0.0
2025-10-02 20:00:00,,,0.0,0.0,0.0,0.0,0.0,0.0,,,0.0,0.0,0.0,0.0,0.0,0.0,0.0,,0.0,0.0
2025-10-03 00:00:00,0.0,0.0,0.0,0.0,0.0,0.0,0.0,0.0,-0.207763711287,-0.207763711287,0.0,0.0,0.0,0.0,0.0,0.0,0.0,2.0,0.0,0.0
2025-10-03 04:00:00,,,0.0,0.0,0.0,0.0,0.0,0.0,,,0.0,0.0,0.0,0.0,0.0,0.0,0.0,,0.0,0.0
2025-10-03 08:00:00,,,0.861068964005,0.861068964005,0.0,0.861068964005,0.034676654982,0.034676654982,,,1.824525539044,1.824525539044,0.034676654982,0.0,0.054824561404,0.0,2.0,,2.0,2.0
2025-10-03 12:00:00,,,0.0,0.0,0.0,0.0,-0.034676654982,-0.034676654982,,,-0.128036879933,-0.128036879933,-0.034676654982,0.0,0.0,0.0,0.0,,0.0,0.0
2025-10-03 16:00:00,,,0.0,0.0,0.0,0.0,0.0,0.0,,,-0.128036879933,-0.128036879933,0.0,0.0,0.0,0.0,0.0,,0.0,0.0
2025-10-03 20:00:00,,,0.0,0.0,0.0,0.0,0.0,0.0,,,-0.128036879933,-0.128036879933,0.0,0.0,0.0,0.0,0.0,,0.0,0.0
2025-10-04 00:00:00,0.0,0.0,0.0,0.0,0.0,0.0,0.0,0.0,-0.351782138274,-0.351782138274,-0.128036879933,-0.128036879933,0.0,0.0,0.0,0.0,0.0,0.0,0.0,0.0
2025-10-04 04:00:00,,,0.0,0.0,0.0,0.0,0.0,0.0,,,-0.128036879933,-0.128036879933,0.0,0.0,0.0,0.0,0.0,,0.0,0.0
2025-10-04 08:00:00,,,0.0,0.0,0.0,0.0,0.0,0.0,,,-0.128036879933,-0.128036879933,0.0,0.0,0.0,0.0,0.0,,0.0,0.0
2025-10-04 12:00:00,,,0.0,0.0,0.0,0.0,0.0,0.0,,,-0.128036879933,-0.128036879933,0.0,0.0,0.0,0.0,0.0,,0.0,0.0
2025-10-04 16:00:00,,,0.0,0.0,0.0,0.0,0.0,0.0,,,-0.128036879933,-0.128036879933,0.0,0.0,0.0,0.0,0.0,,0.0,0.0
2025-10-04 20:00:00,,,0.0,0.0,0.0,0.0,0.0,0.0,,,-0.128036879933,-0.128036879933,0.0,0.0,0.0,0.0,0.0,,0.0,0.0
2025-10-05 00:00:00,0.0,0.0,0.0,0.0,0.0,0.0,0.0,0.0,-0.267394744337,-0.267394744337,-0.128036879933,-0.128036879933,0.0,0.0,0.0,0.0,0.0,1.0,0.0,0.0
2025-10-05 04:00:00,,,0.0,0.0,0.0,0.0,0.0,0.0,,,-0.128036879933,-0.128036879933,0.0,0.0,0.0,0.0,0.0,,0.0,0.0
2025-10-05 08:00:00,,,0.0,0.0,0.0,0.0,0.0,0.0,,,-0.128036879933,-0.128036879933,0.0,0.0,0.040849673203,0.0,1.0,,0.0,0.0
2025-10-05 12:00:00,,,0.73846000433,0.73846000433,0.0,0.73846000433,0.144041489925,0.144041489925,,,1.14016896519,1.14016896519,0.144041489925,0.0,0.03591954023,0.0,1.0,,1.0,1.0
2025-10-05 16:00:00,,,0.0,0.0,0.0,0.0,-0.128036879933,-0.128036879933,,,-0.182047427354,-0.182047427354,-0.128036879933,0.0,0.0,0.0,0.0,,0.0,0.0
2025-10-05 20:00:00,,,0.0,0.0,0.0,0.0,-0.016004609992,-0.016004609992,,,-0.141539516788,-0.141539516788,-0.016004609992,0.0,0.074404761905,0.0,1.0,,0.0,0.0
2025-10-06 00:00:00,0.0,0.0,-0.860426366329,-0.860426366329,0.860426366329,0.0,0.0,0.0,-0.329390080191,-0.329390080191,-0.128036879933,-0.128036879933,0.0,0.0,0.052083333333,0.0,1.0,0.0,0.0,0.0
2025-10-06 04:00:00,,,0.0,0.0,0.0,0.0,0.0,0.0,,,-0.128036879933,-0.128036879933,0.0,0.0,0.0,0.0,0.0,,0.0,0.0
2025-10-06 08:00:00,,,0.0,0.0,0.0,0.0,0.0,0.0,,,-0.128036879933,-0.128036879933,0.0,0.0,0.0,0.0,0.0,,0.0,0.0
2025-10-06 12:00:00,,,0.0,0.0,0.0,0.0,0.0,0.0,,,-0.128036879933,-0.128036879933,0.0,0.0,0.0,0.0,0.0,,0.0,0.0
2025-10-06 16:00:00,,,0.0,0.0,0.0,0.0,0.0,0.0,,,-0.128036879933,-0.128036879933,0.0,0.0,0.0,0.0,0.0,,0.0,0.0
2025-10-06 20:00:00,,,0.0,0.0,0.0,0.0,0.0,0.0,,,-0.128036879933,-0.128036879933,0.0,0.0,0.0,0.0,0.0,,0.0,0.0
2025-10-07 00:00:00,0.0,0.0,0.0,0.0,0.0,0.0,0.0,0.0,-0.317023459371,-0.317023459371,-0.128036879933,-0.128036879933,0.0,0.0,0.0,0.0,0.0,0.0,0.0,0.0
2025-10-07 04:00:00,,,0.0,0.0,0.0,0.0,0.0,0.0,,,-0.128036879933,-0.128036879933,0.0,0.0,0.0,0.0,0.0,,0.0,0.0
2025-10-07 08:00:00,,,0.0,0.0,0.0,0.0,0.0,0.0,,,-0.128036879933,-0.128036879933,0.0,0.0,0.0,0.0,0.0,,0.0,0.0
2025-10-07 12:00:00,,,0.0,0.0,0.0,0.0,0.0,0.0,,,-0.128036879933,-0.128036879933,0.0,0.0,0.0,0.0,0.0,,0.0,0.0
2025-10-07 16:00:00,,,0.0,0.0,0.0,0.0,0.0,0.0,,,-0.128036879933,-0.128036879933,0.0,0.0,0.0,0.0,0.0,,0.0,0.0
2025-10-07 20:00:00,,,0.0,0.0,0.0,0.0,0.0,0.0,,,-0.128036879933,-0.128036879933,0.0,0.0,0.0,0.0,0.0,,0.0,0.0
2025-10-08 00:00:00,0.0,0.0,0.0,0.0,0.0,0.0,0.0,0.0,-0.305956217869,-0.305956217869,-0.128036879933,-0.128036879933,0.0,0.0,0.0,0.0,0.0,0.0,0.0,0.0
2025-10-08 04:00:00,,,0.0,0.0,0.0,0.0,0.0,0.0,,,0.0,0.0,0.0,0.0,0.0,0.0,0.0,,0.0,0.0
2025-10-08 08:00:00,,,0.0,0.0,0.0,0.0,0.0,0.0,,,0.0,0.0,0.0,0.0,0.0,0.0,0.0,,0.0,0.0
2025-10-08 12:00:00,,,0.0,0.0,0.0,0.0,0.0,0.0,,,0.0,0.0,0.0,0.0,0.0,0.0,0.0,,0.0,0.0
2025-10-08 16:00:00,,,0.0,0.0,0.0,0.0,0.0,0.0,,,0.0,0.0,0.0,0.0,0.0,0.0,0.0,,0.0,0.0
2025-10-08 20:00:00,,,0.0,0.0,0.0,0.0,0.0,0.0,,,0.0,0.0,0.0,0.0,0.0,0.0,0.0,,0.0,0.0
2025-10-09 00:00:00,0.0,0.0,0.0,0.0,0.0,0.0,0.0,0.0,-0.295975142629,-0.295975142629,0.0,0.0,0.0,0.0,0.0,0.0,0.0,0.0,0.0,0.0
2025-10-09 04:00:00,,,0.0,0.0,0.0,0.0,0.0,0.0,,,0.0,0.0,0.0,0.0,0.0,0.0,0.0,,0.0,0.0
2025-10-09 08:00:00,,,0.0,0.0,0.0,0.0,0.0,0.0,,,0.0,0.0,0.0,0.0,0.0,0.0,0.0,,0.0,0.0
2025-10-09 12:00:00,,,0.0,0.0,0.0,0.0,0.0,0.0,,,0.0,0.0,0.0,0.0,0.0,0.0,0.0,,0.0,0.0
2025-10-09 16:00:00,,,0.0,0.0,0.0,0.0,0.0,0.0,,,0.0,0.0,0.0,0.0,0.0,0.0,0.0,,0.0,0.0
2025-10-09 20:00:00,,,0.0,0.0,0.0,0.0,0.0,0.0,,,0.0,0.0,0.0,0.0,0.0,0.0,0.0,,0.0,0.0
2025-10-10 00:00:00,0.0,0.0,0.0,0.0,0.0,0.0,0.0,0.0,-0.192880322751,-0.192880322751,0.0,0.0,0.0,0.0,0.056306306306,0.0,1.0,1.0,1.0,1.0
2025-10-10 04:00:00,,,0.0,0.0,0.0,0.0,0.0,0.0,,,0.0,0.0,0.0,0.0,0.0,0.0,0.0,,0.0,0.0
2025-10-10 08:00:00,,,0.823204934597,0.823204934597,0.0,0.823204934597,0.0,0.0,,,0.0,0.0,0.0,0.0,0.020226537217,0.0,1.0,,0.0,0.0
2025-10-10 12:00:00,,,0.0,0.0,0.0,0.0,0.0,0.0,,,0.0,0.0,0.0,0.0,0.0,0.0,0.0,,0.0,0.0
2025-10-10 16:00:00,,,0.0,0.0,0.0,0.0,0.0,0.0,,,0.0,0.0,0.0,0.0,0.0,0.0,0.0,,0.0,0.0
2025-10-10 20:00:00,,,0.0,0.0,0.0,0.0,0.0,0.0,,,0.0,0.0,0.0,0.0,0.0,0.0,0.0,,0.0,0.0
2025-10-11 00:00:00,0.0,0.0,0.0,0.0,0.0,0.0,0.0,0.0,-0.284759291529,-0.284759291529,0.0,0.0,0.0,0.0,0.0,0.0,0.0,0.0,0.0,0.0
2025-10-11 04:00:00,,,0.0,0.0,0.0,0.0,0.0,0.0,,,0.0,0.0,0.0,0.0,0.0,0.0,0.0,,0.0,0.0
2025-10-11 08:00:00,,,0.0,0.0,0.0,0.0,0.0,0.0,,,0.0,0.0,0.0,0.0,0.0,0.0,0.0,,0.0,0.0
2025-10-11 12:00:00,,,0.0,0.0,0.0,0.0,0.0,0.0,,,0.0,0.0,0.0,0.0,0.0,0.0,0.0,,0.0,0.0
2025-10-11 16:00:00,,,0.0,0.0,0.0,0.0,0.0,0.0,,,0.0,0.0,0.0,0.0,0.0,0.0,0.0,,0.0,0.0
2025-10-11 20:00:00,,,0.0,0.0,0.0,0.0,0.0,0.0,,,0.0,0.0,0.0,0.0,0.023148148148,0.0,1.0,,0.0,0.0
2025-10-12 00:00:00,0.0,0.0,0.0,0.0,0.0,0.0,0.0,0.0,-0.27696797718,-0.27696797718,0.0,0.0,0.0,0.0,0.0,0.0,0.0,0.0,0.0,0.0
2025-10-12 04:00:00,,,0.0,0.0,0.0,0.0,0.0,0.0,,,0.0,0.0,0.0,0.0,0.0,0.0,0.0,,0.0,0.0
2025-10-12 08:00:00,,,0.0,0.0,0.0,0.0,0.0,0.0,,,0.0,0.0,0.0,0.0,0.0,0.0,0.0,,0.0,0.0
2025-10-12 12:00:00,,,0.0,0.0,0.0,0.0,0.0,0.0,,,0.0,0.0,0.0,0.0,0.0,0.0,0.0,,0.0,0.0
2025-10-12 16:00:00,,,0.0,0.0,0.0,0.0,0.0,0.0,,,0.0,0.0,0.0,0.0,0.0,0.0,0.0,,0.0,0.0
2025-10-12 20:00:00,,,0.0,0.0,0.0,0.0,0.0,0.0,,,0.0,0.0,0.0,0.0,0.0,0.0,0.0,,0.0,0.0
2025-10-13 00:00:00,0.0,0.0,0.0,0.0,0.0,0.0,0.0,0.0,-0.269784089842,-0.269784089842,0.0,0.0,0.0,0.0,0.0,0.0,0.0,0.0,0.0,0.0
2025-10-13 04:00:00,,,0.0,0.0,0.0,0.0,0.0,0.0,,,0.0,0.0,0.0,0.0,0.0,0.0,0.0,,0.0,0.0
2025-10-13 08:00:00,,,0.0,0.0,0.0,0.0,0.0,0.0,,,0.0,0.0,0.0,0.0,0.0,0.0,0.0,,0.0,0.0
2025-10-13 12:00:00,,,0.79486066103,0.79486066103,0.0,0.79486066103,0.0,0.0,,,0.0,0.0,0.0,0.0,0.021043771044,0.0,1.0,,0.0,0.0
2025-10-13 16:00:00,,,0.0,0.0,0.0,0.0,0.0,0.0,,,0.0,0.0,0.0,0.0,0.0,0.0,0.0,,0.0,0.0
2025-10-13 20:00:00,,,0.833177983761,0.833177983761,0.0,0.833177983761,0.0,0.0,,,0.0,0.0,0.0,0.0,0.08658008658,0.0,2.0,,0.0,0.0
2025-10-14 00:00:00,0.0,0.0,0.0,0.0,0.0,0.0,0.0,0.0,0.808929747154,0.808929747154,0.0,0.0,0.0,0.0,0.1773852657,0.0,2.0,2.0,1.0,1.0
2025-10-14 04:00:00,,,0.0,0.0,0.0,0.0,0.0,0.0,,,0.0,0.0,0.0,0.0,0.0,0.0,0.0,,0.0,0.0
2025-10-14 08:00:00,,,4.214265704155,4.214265704155,0.0,4.214265704155,0.122702009936,0.122702009936,,,1.88854397901,1.88854397901,0.122702009936,0.013982102908,0.179835305872,1.0,5.0,,1.0,1.0
2025-10-14 12:00:00,,,0.0,0.0,0.0,0.0,-0.122702009936,-0.122702009936,,,-0.128036879933,-0.128036879933,-0.122702009936,0.0,0.0,0.0,0.0,,0.0,0.0
2025-10-14 16:00:00,,,0.0,0.0,0.0,0.0,0.0,0.0,,,-0.128036879933,-0.128036879933,0.0,0.0,0.0,0.0,0.0,,0.0,0.0
2025-10-14 20:00:00,,,0.0,0.0,0.0,0.0,0.0,0.0,,,-0.128036879933,-0.128036879933,0.0,0.0,0.0,0.0,0.0,,0.0,0.0
2025-10-15 00:00:00,0.0,0.0,0.0,0.0,0.0,0.0,0.0,0.0,-0.304896737722,-0.304896737722,-0.128036879933,-0.128036879933,0.0,0.0,0.0,0.0,0.0,0.0,0.0,0.0
2025-10-15 04:00:00,,,0.0,0.0,0.0,0.0,0.0,0.0,,,-0.128036879933,-0.128036879933,0.0,0.0,0.0,0.0,0.0,,0.0,0.0
2025-10-15 08:00:00,,,0.0,0.0,0.0,0.0,0.0,0.0,,,-0.128036879933,-0.128036879933,0.0,0.0,0.0,0.0,0.0,,0.0,0.0
2025-10-15 12:00:00,,,0.0,0.0,0.0,0.0,0.0,0.0,,,-0.128036879933,-0.128036879933,0.0,0.0,0.0,0.0,0.0,,0.0,0.0
2025-10-15 16:00:00,,,0.0,0.0,0.0,0.0,0.0,0.0,,,-0.128036879933,-0.128036879933,0.0,0.0,0.0,0.0,0.0,,0.0,0.0
2025-10-15 20:00:00,,,0.0,0.0,0.0,0.0,0.0,0.0,,,-0.128036879933,-0.128036879933,0.0,0.0,0.0,0.0,0.0,,0.0,0.0
2025-10-16 00:00:00,0.0,0.0,0.723279416561,0.723279416561,0.0,0.723279416561,0.0,0.0,-0.297873447031,-0.297873447031,-0.128036879933,-0.128036879933,0.0,0.0,0.063131313131,0.0,1.0,0.0,0.0,0.0
2025-10-16 04:00:00,,,0.0,0.0,0.0,0.0,0.0,0.0,,,-0.128036879933,-0.128036879933,0.0,0.0,0.0,0.0,0.0,,0.0,0.0
2025-10-16 08:00:00,,,0.790414452553,0.790414452553,0.0,0.790414452553,0.0,0.0,,,-0.128036879933,-0.128036879933,0.0,0.0,0.025720164609,0.0,1.0,,0.0,0.0
2025-10-16 12:00:00,,,0.0,0.0,0.0,0.0,0.0,0.0,,,-0.128036879933,-0.128036879933,0.0,0.0,0.0,0.0,0.0,,0.0,0.0
2025-10-16 16:00:00,,,0.0,0.0,0.0,0.0,0.0,0.0,,,-0.128036879933,-0.128036879933,0.0,0.0,0.0,0.0,0.0,,0.0,0.0
2025-10-16 20:00:00,,,0.0,0.0,0.0,0.0,0.0,0.0,,,-0.09602765995,-0.09602765995,0.0,0.0,0.0,0.0,0.0,,0.0,0.0
2025-10-17 00:00:00,0.0,0.0,0.0,0.0,0.0,0.0,0.0,0.0,-0.291315297825,-0.291315297825,0.0,0.0,0.0,0.0,0.080128205128,0.0,1.0,0.0,0.0,0.0
2025-10-17 04:00:00,,,0.0,0.0,0.0,0.0,0.0,0.0,,,0.0,0.0,0.0,0.0,0.0,0.0,0.0,,0.0,0.0
2025-10-17 08:00:00,,,0.0,0.0,0.0,0.0,0.0,0.0,,,0.0,0.0,0.0,0.026371308017,0.041666666667,1.0,1.0,,0.0,0.0
2025-10-17 12:00:00,,,0.0,0.0,0.0,0.0,0.0,0.0,,,0.0,0.0,0.0,0.0,0.0,0.0,0.0,,0.0,0.0
2025-10-17 16:00:00,,,0.0,0.0,0.0,0.0,0.0,0.0,,,0.0,0.0,0.0,0.0,0.0,0.0,0.0,,0.0,0.0
2025-10-17 20:00:00,,,0.0,0.0,0.0,0.0,0.0,0.0,,,0.0,0.0,0.0,0.0,0.0,0.0,0.0,,0.0,0.0
2025-10-18 00:00:00,0.0,0.0,0.0,0.0,0.0,0.0,0.0,0.0,-0.285173005512,-0.285173005512,0.0,0.0,0.0,0.0,0.0,0.0,0.0,0.0,0.0,0.0
2025-10-18 04:00:00,,,0.0,0.0,0.0,0.0,0.0,0.0,,,0.0,0.0,0.0,0.0,0.0,0.0,0.0,,0.0,0.0
2025-10-18 08:00:00,,,0.0,0.0,0.0,0.0,0.0,0.0,,,0.0,0.0,0.0,0.0,0.0,0.0,0.0,,0.0,0.0
2025-10-18 12:00:00,,,0.0,0.0,0.0,0.0,0.0,0.0,,,0.0,0.0,0.0,0.0,0.0,0.0,0.0,,0.0,0.0
2025-10-18 16:00:00,,,0.0,0.0,0.0,0.0,0.0,0.0,,,0.0,0.0,0.0,0.0,0.0,0.0,0.0,,0.0,0.0
2025-10-18 20:00:00,,,0.0,0.0,0.0,0.0,0.0,0.0,,,0.0,0.0,0.0,0.0,0.0,0.0,0.0,,0.0,0.0
2025-10-19 00:00:00,0.0,0.0,0.0,0.0,0.0,0.0,0.0,0.0,-0.279404313697,-0.279404313697,0.0,0.0,0.0,0.0,0.0,0.0,0.0,0.0,0.0,0.0
2025-10-19 04:00:00,,,0.0,0.0,0.0,0.0,0.0,0.0,,,0.0,0.0,0.0,0.0,0.0,0.0,0.0,,0.0,0.0
2025-10-19 08:00:00,,,0.726000487804,0.726000487804,0.0,0.726000487804,0.0,0.0,,,0.0,0.0,0.0,0.0,0.079048463357,0.0,2.0,,0.0,0.0
2025-10-19 12:00:00,,,0.0,0.0,0.0,0.0,0.0,0.0,,,0.0,0.0,0.0,0.0,0.0,0.0,0.0,,0.0,0.0
2025-10-19 16:00:00,,,0.0,0.0,0.0,0.0,0.0,0.0,,,0.0,0.0,0.0,0.0,0.0,0.0,0.0,,0.0,0.0
2025-10-19 20:00:00,,,0.0,0.0,0.0,0.0,0.0,0.0,,,0.0,0.0,0.0,0.0,0.0,0.0,0.0,,0.0,0.0
2025-10-20 00:00:00,0.0,0.0,0.0,0.0,0.0,0.0,0.0,0.0,-0.27397275367,-0.27397275367,0.0,0.0,0.0,0.0,0.0,0.0,0.0,0.0,0.0,0.0
2025-10-20 04:00:00,,,0.0,0.0,0.0,0.0,0.0,0.0,,,0.0,0.0,0.0,0.0,0.0,0.0,0.0,,0.0,0.0
2025-10-20 08:00:00,,,0.934338748455,0.934338748455,0.0,0.934338748455,0.0,0.0,,,0.0,0.0,0.0,0.0,0.040064102564,0.0,1.0,,0.0,0.0
2025-10-20 12:00:00,,,0.0,0.0,0.0,0.0,0.0,0.0,,,0.0,0.0,0.0,0.0,0.0,0.0,0.0,,0.0,0.0
2025-10-20 16:00:00,,,0.0,0.0,0.0,0.0,0.0,0.0,,,0.0,0.0,0.0,0.0,0.0,0.0,0.0,,0.0,0.0
2025-10-20 20:00:00,,,0.0,0.0,0.0,0.0,0.0,0.0,,,0.0,0.0,0.0,0.0,0.0,0.0,0.0,,0.0,0.0
2025-10-21 00:00:00,0.0,0.0,0.0,0.0,0.0,0.0,0.0,0.0,0.244217217382,0.244217217382,0.0,0.0,0.0,0.037841363936,0.203498529244,2.0,5.0,2.0,2.0,2.0
2025-10-21 04:00:00,,,0.0,0.0,0.0,0.0,0.0,0.0,,,0.0,0.0,0.0,0.0,0.061274509804,0.0,1.0,,0.0,0.0
2025-10-21 08:00:00,,,0.865450918674,0.865450918674,0.0,0.865450918674,0.0,0.0,,,0.0,0.0,0.0,0.0,0.025406504065,0.0,1.0,,0.0,0.0
2025-10-21 12:00:00,,,0.877217710018,0.877217710018,0.0,0.877217710018,0.0,0.0,,,0.0,0.0,0.0,0.026371308017,0.067204301075,1.0,1.0,,0.0,0.0
2025-10-21 16:00:00,,,0.0,0.0,0.0,0.0,0.0,0.0,,,0.0,0.0,0.0,0.0,0.0,0.0,0.0,,0.0,0.0
2025-10-21 20:00:00,,,0.0,0.0,0.0,0.0,0.0,0.0,,,0.0,0.0,0.0,0.0,0.0,0.0,0.0,,0.0,0.0
2025-10-22 00:00:00,0.0,0.0,0.0,0.0,0.0,0.0,0.0,0.0,-0.282671175492,-0.282671175492,0.0,0.0,0.0,0.0,0.0,0.0,0.0,0.0,0.0,0.0
2025-10-22 04:00:00,,,0.0,0.0,0.0,0.0,0.0,0.0,,,0.0,0.0,0.0,0.0,0.0,0.0,0.0,,0.0,0.0
2025-10-22 08:00:00,,,0.0,0.0,0.0,0.0,0.0,0.0,,,0.0,0.0,0.0,0.0,0.0,0.0,0.0,,0.0,0.0
2025-10-22 12:00:00,,,0.0,0.0,0.0,0.0,0.0,0.0,,,0.0,0.0,0.0,0.0,0.0,0.0,0.0,,0.0,0.0
2025-10-22 16:00:00,,,0.0,0.0,0.0,0.0,0.0,0.0,,,0.0,0.0,0.0,0.0,0.0,0.0,0.0,,0.0,0.0
2025-10-22 20:00:00,,,0.0,0.0,0.0,0.0,0.0,0.0,,,0.0,0.0,0.0,0.0,0.0,0.0,0.0,,0.0,0.0
2025-10-23 00:00:00,0.0,0.0,0.0,0.0,0.0,0.0,0.0,0.0,-0.277702675097,-0.277702675097,0.0,0.0,0.0,0.0,0.0,0.0,0.0,0.0,0.0,0.0
2025-10-23 04:00:00,,,0.893029987812,0.893029987812,0.0,0.893029987812,0.0,0.0,,,0.0,0.0,0.0,0.0,0.033068783069,0.0,1.0,,0.0,0.0
2025-10-23 08:00:00,,,0.0,0.0,0.0,0.0,0.0,0.0,,,0.0,0.0,0.0,0.0,0.0,0.0,0.0,,0.0,0.0
2025-10-23 12:00:00,,,0.0,0.0,0.0,0.0,0.0,0.0,,,0.0,0.0,0.0,0.0,0.0,0.0,0.0,,0.0,0.0
2025-10-23 16:00:00,,,0.0,0.0,0.0,0.0,0.0,0.0,,,0.0,0.0,0.0,0.0,0.0,0.0,0.0,,0.0,0.0
2025-10-23 20:00:00,,,0.750800549984,0.750800549984,0.0,0.750800549984,0.0,0.0,,,0.0,0.0,0.0,0.0,0.024509803922,0.0,1.0,,0.0,0.0
2025-10-24 00:00:00,0.0,0.0,0.0,0.0,0.0,0.0,0.0,0.0,-0.148703864213,-0.148703864213,0.0,0.0,0.0,0.0,0.0,0.0,0.0,1.0,0.0,0.0
2025-10-24 04:00:00,,,0.0,0.0,0.0,0.0,0.0,0.0,,,0.0,0.0,0.0,0.0,0.0,0.0,0.0,,0.0,0.0
2025-10-24 08:00:00,,,0.802174031734,0.802174031734,0.0,0.802174031734,0.128036879933,0.128036879933,,,1.88854397901,1.88854397901,0.128036879933,0.0,0.043076441103,0.0,2.0,,1.0,1.0
2025-10-24 12:00:00,,,0.0,0.0,0.0,0.0,-0.128036879933,-0.128036879933,,,-0.128036879933,-0.128036879933,-0.128036879933,0.0,0.0,0.0,0.0,,0.0,0.0
2025-10-24 16:00:00,,,0.0,0.0,0.0,0.0,0.0,0.0,,,-0.128036879933,-0.128036879933,0.0,0.0,0.0,0.0,0.0,,0.0,0.0
2025-10-24 20:00:00,,,0.0,0.0,0.0,0.0,0.0,0.0,,,-0.128036879933,-0.128036879933,0.0,0.0,0.0,0.0,0.0,,0.0,0.0
2025-10-25 00:00:00,0.0,0.0,0.0,0.0,0.0,0.0,0.0,0.0,-0.022773977029,-0.022773977029,-0.128036879933,-0.128036879933,0.0,0.0,0.0,0.0,0.0,1.0,0.0,0.0
2025-10-25 04:00:00,,,0.0,0.0,0.0,0.0,0.0,0.0,,,-0.128036879933,-0.128036879933,0.0,0.0,0.0,0.0,0.0,,0.0,0.0
2025-10-25 08:00:00,,,0.83955848217,0.83955848217,0.0,0.83955848217,0.0,0.0,,,-0.128036879933,-0.128036879933,0.0,0.0,0.080128205128,0.0,1.0,,0.0,0.0
2025-10-25 12:00:00,,,0.0,0.0,0.0,0.0,0.0,0.0,,,-0.128036879933,-0.128036879933,0.0,0.0,0.099709084084,0.0,2.0,,0.0,0.0
2025-10-25 16:00:00,,,0.745436787605,0.745436787605,0.0,0.745436787605,0.085357919955,0.085357919955,,,1.171482623176,1.171482623176,0.085357919955,0.0,0.028935185185,0.0,1.0,,1.0,1.0
2025-10-25 20:00:00,,,0.0,0.0,0.0,0.0,-0.085357919955,-0.085357919955,,,-0.182472810265,-0.182472810265,-0.085357919955,0.0,0.0,0.0,0.0,,0.0,0.0
2025-10-26 00:00:00,0.0,0.0,0.0,0.0,0.0,0.0,0.0,0.0,-0.276733120507,-0.276733120507,-0.182472810265,-0.182472810265,0.0,0.0,0.0,0.0,0.0,0.0,0.0,0.0
2025-10-26 04:00:00,,,0.0,0.0,0.0,0.0,0.0,0.0,,,-0.182472810265,-0.182472810265,0.0,0.0,0.0,0.0,0.0,,0.0,0.0
2025-10-26 08:00:00,,,0.0,0.0,0.0,0.0,0.0,0.0,,,-0.182472810265,-0.182472810265,0.0,0.0,0.0,0.0,0.0,,0.0,0.0
2025-10-26 12:00:00,,,0.0,0.0,0.0,0.0,0.0,0.0,,,-0.182472810265,-0.182472810265,0.0,0.0,0.0,0.0,0.0,,0.0,0.0
2025-10-26 16:00:00,,,0.0,0.0,0.0,0.0,0.0,0.0,,,-0.182472810265,-0.182472810265,0.0,0.0,0.0,0.0,0.0,,0.0,0.0
2025-10-26 20:00:00,,,0.0,0.0,0.0,0.0,0.0,0.0,,,-0.168863827682,-0.168863827682,0.0,0.0,0.0,0.0,0.0,,0.0,0.0
2025-10-27 00:00:00,0.0,0.0,0.0,0.0,0.0,0.0,0.0,0.0,-0.27244217856,-0.27244217856,-0.128036879933,-0.128036879933,0.0,0.0,0.0,0.0,0.0,0.0,0.0,0.0
2025-10-27 04:00:00,,,0.0,0.0,0.0,0.0,0.0,0.0,,,-0.128036879933,-0.128036879933,0.0,0.0,0.0,0.0,0.0,,0.0,0.0
2025-10-27 08:00:00,,,0.0,0.0,0.0,0.0,0.0,0.0,,,-0.128036879933,-0.128036879933,0.0,0.0,0.0,0.0,0.0,,0.0,0.0
2025-10-27 12:00:00,,,0.0,0.0,0.0,0.0,0.0,0.0,,,-0.128036879933,-0.128036879933,0.0,0.0,0.0,0.0,0.0,,0.0,0.0
2025-10-27 16:00:00,,,0.0,0.0,0.0,0.0,0.0,0.0,,,-0.128036879933,-0.128036879933,0.0,0.0,0.0,0.0,0.0,,0.0,0.0
2025-10-27 20:00:00,,,0.0,0.0,0.0,0.0,0.0,0.0,,,-0.128036879933,-0.128036879933,0.0,0.0,0.0,0.0,0.0,,0.0,0.0
2025-10-28 00:00:00,0.0,0.0,0.0,0.0,0.0,0.0,0.0,0.0,-0.268345157755,-0.268345157755,-0.128036879933,-0.128036879933,0.0,0.0,0.0,0.0,0.0,0.0,0.0,0.0
2025-10-28 04:00:00,,,0.0,0.0,0.0,0.0,0.0,0.0,,,-0.064018439966,-0.064018439966,0.0,0.0,0.056306306306,0.0,1.0,,0.0,0.0
2025-10-28 08:00:00,,,0.0,0.0,0.0,0.0,0.0,0.0,,,0.0,0.0,0.0,0.0,0.0,0.0,0.0,,0.0,0.0
2025-10-28 12:00:00,,,0.0,0.0,0.0,0.0,0.0,0.0,,,0.0,0.0,0.0,0.0,0.0,0.0,0.0,,0.0,0.0
2025-10-28 16:00:00,,,0.0,0.0,0.0,0.0,0.0,0.0,,,0.0,0.0,0.0,0.0,0.021258503401,0.0,1.0,,0.0,0.0
2025-10-28 20:00:00,,,0.0,0.0,0.0,0.0,0.0,0.0,,,0.0,0.0,0.0,0.0,0.0,0.0,0.0,,0.0,0.0
2025-10-29 00:00:00,0.0,0.0,0.0,0.0,0.0,0.0,0.0,0.0,-0.264427856995,-0.264427856995,0.0,0.0,0.0,0.0,0.0,0.0,0.0,0.0,0.0,0.0
2025-10-29 04:00:00,,,0.0,0.0,0.0,0.0,0.0,0.0,,,0.0,0.0,0.0,0.0,0.0,0.0,0.0,,0.0,0.0
2025-10-29 08:00:00,,,0.0,0.0,0.0,0.0,0.0,0.0,,,0.0,0.0,0.0,0.0,0.0,0.0,0.0,,0.0,0.0
2025-10-29 12:00:00,,,0.0,0.0,0.0,0.0,0.0,0.0,,,0.0,0.0,0.0,0.0,0.0,0.0,0.0,,0.0,0.0
2025-10-29 16:00:00,,,0.0,0.0,0.0,0.0,0.0,0.0,,,0.0,0.0,0.0,0.0,0.0,0.0,0.0,,0.0,0.0
2025-10-29 20:00:00,,,0.0,0.0,0.0,0.0,0.0,0.0,,,0.0,0.0,0.0,0.0,0.0,0.0,0.0,,0.0,0.0
2025-10-30 00:00:00,0.0,0.0,0.0,0.0,0.0,0.0,0.0,0.0,-0.260677491701,-0.260677491701,0.0,0.0,0.0,0.0,0.0,0.0,0.0,0.0,0.0,0.0
2025-10-30 04:00:00,,,0.0,0.0,0.0,0.0,0.0,0.0,,,0.0,0.0,0.0,0.0,0.0,0.0,0.0,,0.0,0.0
2025-10-30 08:00:00,,,0.0,0.0,0.0,0.0,0.0,0.0,,,0.0,0.0,0.0,0.0,0.0,0.0,0.0,,0.0,0.0
2025-10-30 12:00:00,,,0.0,0.0,0.0,0.0,0.0,0.0,,,0.0,0.0,0.0,0.0,0.0,0.0,0.0,,0.0,0.0
2025-10-30 16:00:00,,,0.0,0.0,0.0,0.0,0.0,0.0,,,0.0,0.0,0.0,0.0,0.0,0.0,0.0,,0.0,0.0
2025-10-30 20:00:00,,,0.0,0.0,0.0,0.0,0.0,0.0,,,0.0,0.0,0.0,0.0,0.0,0.0,0.0,,0.0,0.0
2025-10-31 00:00:00,0.0,0.0,1.617205560207,1.617205560207,0.0,1.617205560207,0.0,0.0,-0.257082516954,-0.257082516954,0.0,0.0,0.0,0.0,0.065816749585,0.0,2.0,0.0,0.0,0.0
2025-10-31 04:00:00,,,0.0,0.0,0.0,0.0,0.0,0.0,,,0.0,0.0,0.0,0.0,0.0,0.0,0.0,,0.0,0.0
2025-10-31 08:00:00,,,0.0,0.0,0.0,0.0,0.0,0.0,,,0.0,0.0,0.0,0.0,0.0,0.0,0.0,,0.0,0.0
2025-10-31 12:00:00,,,0.0,0.0,0.0,0.0,0.0,0.0,,,0.0,0.0,0.0,0.0,0.01204238921,0.0,1.0,,0.0,0.0
2025-10-31 16:00:00,,,0.0,0.0,0.0,0.0,0.0,0.0,,,0.0,0.0,0.0,0.0,0.0,0.0,0.0,,0.0,0.0
2025-10-31 20:00:00,,,0.0,0.0,0.0,0.0,0.0,0.0,,,0.0,0.0,0.0,0.0,0.0,0.0,0.0,,0.0,0.0
2025-11-01 00:00:00,0.0,0.0,0.0,0.0,0.0,0.0,0.0,0.0,-0.253632476926,-0.253632476926,0.0,0.0,0.0,0.0,0.0,0.0,0.0,0.0,0.0,0.0
2025-11-01 04:00:00,,,0.0,0.0,0.0,0.0,0.0,0.0,,,0.0,0.0,0.0,0.0,0.017959770115,0.0,1.0,,0.0,0.0
2025-11-01 08:00:00,,,0.0,0.0,0.0,0.0,0.0,0.0,,,0.0,0.0,0.0,0.0,0.0,0.0,0.0,,0.0,0.0
2025-11-01 12:00:00,,,0.0,0.0,0.0,0.0,0.0,0.0,,,0.0,0.0,0.0,0.0,0.0,0.0,0.0,,0.0,0.0
2025-11-01 16:00:00,,,0.0,0.0,0.0,0.0,0.0,0.0,,,0.0,0.0,0.0,0.0,0.0,0.0,0.0,,0.0,0.0
2025-11-01 20:00:00,,,0.0,0.0,0.0,0.0,0.0,0.0,,,0.0,0.0,0.0,0.0,0.0,0.0,0.0,,0.0,0.0
2025-11-02 00:00:00,0.0,0.0,0.0,0.0,0.0,0.0,0.0,0.0,-0.250317876102,-0.250317876102,0.0,0.0,0.0,0.0,0.0,0.0,0.0,0.0,0.0,0.0
2025-11-02 04:00:00,,,0.0,0.0,0.0,0.0,0.0,0.0,,,0.0,0.0,0.0,0.0,0.0,0.0,0.0,,0.0,0.0
2025-11-02 08:00:00,,,0.0,0.0,0.0,0.0,0.0,0.0,,,0.0,0.0,0.0,0.0,0.0,0.0,0.0,,0.0,0.0
2025-11-02 12:00:00,,,0.0,0.0,0.0,0.0,0.0,0.0,,,0.0,0.0,0.0,0.0,0.0,0.0,0.0,,0.0,0.0
2025-11-02 16:00:00,,,0.0,0.0,0.0,0.0,0.0,0.0,,,0.0,0.0,0.0,0.0,0.0,0.0,0.0,,0.0,0.0
2025-11-02 20:00:00,,,0.0,0.0,0.0,0.0,0.0,0.0,,,0.0,0.0,0.0,0.0,0.0,0.0,0.0,,0.0,0.0
2025-11-03 00:00:00,0.0,0.0,0.0,0.0,0.0,0.0,0.0,0.0,-0.247130068653,-0.247130068653,0.0,0.0,0.0,0.0,0.0,0.0,0.0,0.0,0.0,0.0
2025-11-03 04:00:00,,,0.0,0.0,0.0,0.0,0.0,0.0,,,0.0,0.0,0.0,0.0,0.0,0.0,0.0,,0.0,0.0
2025-11-03 08:00:00,,,2.290964722633,2.290964722633,0.0,2.290964722633,0.0,0.0,,,0.0,0.0,0.0,0.0,0.030443327683,0.0,3.0,,0.0,0.0
2025-11-03 12:00:00,,,0.878699183464,0.878699183464,0.0,0.878699183464,0.0,0.0,,,0.0,0.0,0.0,0.0,0.008979885057,0.0,1.0,,0.0,0.0
2025-11-03 16:00:00,,,0.0,0.0,0.0,0.0,0.0,0.0,,,0.0,0.0,0.0,0.0,0.0,0.0,0.0,,0.0,0.0
2025-11-03 20:00:00,,,0.0,0.0,0.0,0.0,0.0,0.0,,,0.0,0.0,0.0,0.0,0.0,0.0,0.0,,0.0,0.0
2025-11-04 00:00:00,0.0,0.0,1.470677495003,1.470677495003,0.0,1.470677495003,0.11469970494,0.11469970494,1.134452685295,1.134452685295,1.88854397901,1.88854397901,0.11469970494,0.004367575122,0.021074257635,1.0,2.0,2.0,1.0,1.0
2025-11-04 04:00:00,,,0.77694028616,0.77694028616,0.0,0.77694028616,-0.11469970494,-0.11469970494,,,-0.128036879933,-0.128036879933,-0.11469970494,0.0,0.010575296108,0.0,1.0,,0.0,0.0
2025-11-04 08:00:00,,,0.888997852802,0.888997852802,0.0,0.888997852802,0.034676654982,0.034676654982,,,1.307056438144,1.307056438144,0.034676654982,0.0,0.01026272578,0.0,1.0,,1.0,1.0
2025-11-04 12:00:00,,,0.714026868343,0.714026868343,0.0,0.714026868343,-0.034676654982,-0.034676654982,,,-0.182106051224,-0.182106051224,-0.034676654982,0.0,0.006853070175,0.0,1.0,,0.0,0.0
2025-11-04 16:00:00,,,0.0,0.0,0.0,0.0,0.0,0.0,,,-0.182106051224,-0.182106051224,0.0,0.0,0.0,0.0,0.0,,0.0,0.0
2025-11-04 20:00:00,,,0.0,0.0,0.0,0.0,0.0,0.0,,,-0.182106051224,-0.182106051224,0.0,0.0,0.0,0.0,0.0,,0.0,0.0
2025-11-05 00:00:00,0.0,0.0,0.0,0.0,0.0,0.0,0.0,0.0,-0.270446892843,-0.270446892843,-0.182106051224,-0.182106051224,0.0,0.0,0.0,0.0,0.0,0.0,0.0,0.0
2025-11-05 04:00:00,,,0.0,0.0,0.0,0.0,0.0,0.0,,,-0.182106051224,-0.182106051224,0.0,0.0,0.0,0.0,0.0,,0.0,0.0
2025-11-05 08:00:00,,,0.856663882732,0.856663882732,0.0,0.856663882732,0.0,0.0,,,-0.182106051224,-0.182106051224,0.0,0.0,0.010113268608,0.0,1.0,,0.0,0.0
2025-11-05 12:00:00,,,0.0,0.0,0.0,0.0,0.0,0.0,,,-0.182106051224,-0.182106051224,0.0,0.0,0.005301102629,0.0,1.0,,0.0,0.0
2025-11-05 16:00:00,,,0.0,0.0,0.0,0.0,0.0,0.0,,,-0.182106051224,-0.182106051224,0.0,0.0,0.0,0.0,0.0,,0.0,0.0
2025-11-05 20:00:00,,,0.0,0.0,0.0,0.0,0.0,0.0,,,-0.182106051224,-0.182106051224,0.0,0.0,0.0,0.0,0.0,,0.0,0.0
2025-11-06 00:00:00,0.0,0.0,0.745349407196,0.745349407196,0.0,0.745349407196,0.0,0.0,-0.2672010203,-0.2672010203,-0.182106051224,-0.182106051224,0.0,0.0,0.010850694444,0.0,1.0,0.0,0.0,0.0
2025-11-06 04:00:00,,,0.918939828873,0.918939828873,0.0,0.918939828873,0.0,0.0,,,-0.182106051224,-0.182106051224,0.0,0.0,0.008169934641,0.0,1.0,,0.0,0.0
2025-11-06 08:00:00,,,0.0,0.0,0.0,0.0,0.0,0.0,,,-0.182106051224,-0.182106051224,0.0,0.0,0.0,0.0,0.0,,0.0,0.0
2025-11-06 12:00:00,,,0.0,0.0,0.0,0.0,0.0,0.0,,,-0.168588758401,-0.168588758401,0.0,0.0,0.0,0.0,0.0,,0.0,0.0
2025-11-06 16:00:00,,,0.0,0.0,0.0,0.0,0.0,0.0,,,-0.128036879933,-0.128036879933,0.0,0.0,0.0,0.0,0.0,,0.0,0.0
2025-11-06 20:00:00,,,0.0,0.0,0.0,0.0,0.0,0.0,,,-0.032009219983,-0.032009219983,0.0,0.0,0.0,0.0,0.0,,0.0,0.0
2025-11-07 00:00:00,0.0,0.0,0.0,0.0,0.0,0.0,0.0,0.0,0.224501843649,0.224501843649,0.0,0.0,0.0,0.0,0.0,0.0,0.0,1.0,0.0,0.0
2025-11-07 04:00:00,,,0.0,0.0,0.0,0.0,0.0,0.0,,,0.0,0.0,0.0,0.0,0.008400537634,0.0,1.0,,0.0,0.0
2025-11-07 08:00:00,,,2.644208490849,2.644208490849,0.0,2.644208490849,0.03734408998,0.03734408998,,,1.824525539044,1.824525539044,0.03734408998,0.0,0.026441244054,0.0,3.0,,1.0,1.0
2025-11-07 12:00:00,,,0.0,0.0,0.0,0.0,-0.03734408998,-0.03734408998,,,-0.128036879933,-0.128036879933,-0.03734408998,0.0,0.0,0.0,0.0,,0.0,0.0
2025-11-07 16:00:00,,,0.0,0.0,0.0,0.0,0.0,0.0,,,-0.128036879933,-0.128036879933,0.0,0.0,0.0,0.0,0.0,,0.0,0.0
2025-11-07 20:00:00,,,0.0,0.0,0.0,0.0,0.0,0.0,,,-0.128036879933,-0.128036879933,0.0,0.0,0.0,0.0,0.0,,0.0,0.0
2025-11-08 00:00:00,0.0,0.0,0.0,0.0,0.0,0.0,0.0,0.0,-0.272064208457,-0.272064208457,-0.128036879933,-0.128036879933,0.0,0.0,0.0,0.0,0.0,0.0,0.0,0.0
2025-11-08 04:00:00,,,0.0,0.0,0.0,0.0,0.0,0.0,,,-0.128036879933,-0.128036879933,0.0,0.0,0.0,0.0,0.0,,0.0,0.0
2025-11-08 08:00:00,,,0.0,0.0,0.0,0.0,0.0,0.0,,,-0.128036879933,-0.128036879933,0.0,0.0,0.0,0.0,0.0,,0.0,0.0
2025-11-08 12:00:00,,,0.0,0.0,0.0,0.0,0.0,0.0,,,-0.128036879933,-0.128036879933,0.0,0.0,0.0,0.0,0.0,,0.0,0.0
2025-11-08 16:00:00,,,0.0,0.0,0.0,0.0,0.0,0.0,,,-0.128036879933,-0.128036879933,0.0,0.0,0.0,0.0,0.0,,0.0,0.0
2025-11-08 20:00:00,,,0.0,0.0,0.0,0.0,0.0,0.0,,,-0.128036879933,-0.128036879933,0.0,0.0,0.0,0.0,0.0,,0.0,0.0
2025-11-09 00:00:00,0.0,0.0,0.0,0.0,0.0,0.0,0.0,0.0,-0.269001528106,-0.269001528106,-0.128036879933,-0.128036879933,0.0,0.0,0.0,0.0,0.0,0.0,0.0,0.0
2025-11-09 04:00:00,,,0.0,0.0,0.0,0.0,0.0,0.0,,,-0.128036879933,-0.128036879933,0.0,0.0,0.0,0.0,0.0,,0.0,0.0
2025-11-09 08:00:00,,,0.0,0.0,0.0,0.0,0.0,0.0,,,-0.128036879933,-0.128036879933,0.0,0.0,0.0,0.0,0.0,,0.0,0.0
2025-11-09 12:00:00,,,0.0,0.0,0.0,0.0,0.0,0.0,,,-0.128036879933,-0.128036879933,0.0,0.0,0.0,0.0,0.0,,0.0,0.0
2025-11-09 16:00:00,,,0.0,0.0,0.0,0.0,0.0,0.0,,,-0.128036879933,-0.128036879933,0.0,0.0,0.0,0.0,0.0,,0.0,0.0
2025-11-09 20:00:00,,,0.0,0.0,0.0,0.0,0.0,0.0,,,-0.032009219983,-0.032009219983,0.0,0.0,0.0,0.0,0.0,,0.0,0.0
2025-11-10 00:00:00,0.0,0.0,0.0,0.0,0.0,0.0,0.0,0.0,-0.266040137687,-0.266040137687,0.0,0.0,0.0,0.0,0.0,0.0,0.0,0.0,0.0,0.0
2025-11-10 04:00:00,,,0.0,0.0,0.0,0.0,0.0,0.0,,,0.0,0.0,0.0,0.0,0.0,0.0,0.0,,0.0,0.0
2025-11-10 08:00:00,,,0.0,0.0,0.0,0.0,0.0,0.0,,,0.0,0.0,0.0,0.0,0.0,0.0,0.0,,0.0,0.0
2025-11-10 12:00:00,,,0.0,0.0,0.0,0.0,0.0,0.0,,,0.0,0.0,0.0,0.0,0.0,0.0,0.0,,0.0,0.0
2025-11-10 16:00:00,,,0.0,0.0,0.0,0.0,0.0,0.0,,,0.0,0.0,0.0,0.0,0.0,0.0,0.0,,0.0,0.0
2025-11-10 20:00:00,,,0.0,0.0,0.0,0.0,0.0,0.0,,,0.0,0.0,0.0,0.0,0.0,0.0,0.0,,0.0,0.0
2025-11-11 00:00:00,0.0,0.0,0.0,0.0,0.0,0.0,0.0,0.0,-0.263174567727,-0.263174567727,0.0,0.0,0.0,0.0,0.0,0.0,0.0,0.0,0.0,0.0
2025-11-11 04:00:00,,,0.0,0.0,0.0,0.0,0.0,0.0,,,0.0,0.0,0.0,0.0,0.0,0.0,0.0,,0.0,0.0
2025-11-11 08:00:00,,,0.0,0.0,0.0,0.0,0.0,0.0,,,0.0,0.0,0.0,0.0,0.0,0.0,0.0,,0.0,0.0
2025-11-11 12:00:00,,,0.0,0.0,0.0,0.0,0.0,0.0,,,0.0,0.0,0.0,0.0,0.0,0.0,0.0,,0.0,0.0
2025-11-11 16:00:00,,,0.0,0.0,0.0,0.0,0.0,0.0,,,0.0,0.0,0.0,0.0,0.0,0.0,0.0,,0.0,0.0
2025-11-11 20:00:00,,,0.0,0.0,0.0,0.0,0.0,0.0,,,0.0,0.0,0.0,0.041666666667,0.061274509804,1.0,1.0,,0.0,0.0
2025-11-12 00:00:00,0.0,0.0,0.0,0.0,0.0,0.0,0.0,0.0,-0.260399753951,-0.260399753951,0.0,0.0,0.0,0.0,0.063131313131,0.0,1.0,0.0,0.0,0.0
2025-11-12 04:00:00,,,0.0,0.0,0.0,0.0,0.0,0.0,,,0.0,0.0,0.0,0.0,0.0,0.0,0.0,,0.0,0.0
2025-11-12 08:00:00,,,0.0,0.0,0.0,0.0,0.0,0.0,,,0.0,0.0,0.0,0.0,0.0,0.0,0.0,,0.0,0.0
2025-11-12 12:00:00,,,0.0,0.0,0.0,0.0,0.0,0.0,,,0.0,0.0,0.0,0.0,0.0,0.0,0.0,,0.0,0.0
2025-11-12 16:00:00,,,0.0,0.0,0.0,0.0,0.0,0.0,,,0.0,0.0,0.0,0.0,0.0,0.0,0.0,,0.0,0.0
2025-11-12 20:00:00,,,0.0,0.0,0.0,0.0,0.0,0.0,,,0.0,0.0,0.0,0.0,0.0,0.0,0.0,,0.0,0.0
2025-11-13 00:00:00,0.0,0.0,0.0,0.0,0.0,0.0,0.0,0.0,-0.257710999447,-0.257710999447,0.0,0.0,0.0,0.0,0.0,0.0,0.0,0.0,0.0,0.0
2025-11-13 04:00:00,,,0.0,0.0,0.0,0.0,0.0,0.0,,,0.0,0.0,0.0,0.0,0.0,0.0,0.0,,0.0,0.0
2025-11-13 08:00:00,,,0.0,0.0,0.0,0.0,0.0,0.0,,,0.0,0.0,0.0,0.0,0.0,0.0,0.0,,0.0,0.0
2025-11-13 12:00:00,,,-0.922746419907,-0.922746419907,0.922746419907,0.0,0.0,0.0,,,0.0,0.0,0.0,0.0,0.020226537217,0.0,1.0,,0.0,0.0
2025-11-13 16:00:00,,,0.0,0.0,0.0,0.0,0.0,0.0,,,0.0,0.0,0.0,0.0,0.0,0.0,0.0,,0.0,0.0
2025-11-13 20:00:00,,,0.0,0.0,0.0,0.0,0.0,0.0,,,0.0,0.0,0.0,0.0,0.0,0.0,0.0,,0.0,0.0
2025-11-14 00:00:00,0.0,0.0,0.0,0.0,0.0,0.0,0.0,0.0,-0.255103941064,-0.255103941064,0.0,0.0,0.0,0.0,0.0,0.0,0.0,0.0,0.0,0.0
2025-11-14 04:00:00,,,0.0,0.0,0.0,0.0,0.0,0.0,,,0.0,0.0,0.0,0.0,0.0,0.0,0.0,,0.0,0.0
2025-11-14 08:00:00,,,0.0,0.0,0.0,0.0,0.0,0.0,,,0.0,0.0,0.0,0.0,0.0,0.0,0.0,,0.0,0.0
2025-11-14 12:00:00,,,0.0,0.0,0.0,0.0,0.0,0.0,,,0.0,0.0,0.0,0.0,0.0,0.0,0.0,,0.0,0.0
2025-11-14 16:00:00,,,0.0,0.0,0.0,0.0,0.0,0.0,,,0.0,0.0,0.0,0.0,0.0,0.0,0.0,,0.0,0.0
2025-11-14 20:00:00,,,0.0,0.0,0.0,0.0,0.0,0.0,,,0.0,0.0,0.0,0.0,0.0,0.0,0.0,,0.0,0.0
2025-11-15 00:00:00,0.0,0.0,0.0,0.0,0.0,0.0,0.0,0.0,-0.2525745195,-0.2525745195,0.0,0.0,0.0,0.0,0.0,0.0,0.0,0.0,0.0,0.0
2025-11-15 04:00:00,,,0.0,0.0,0.0,0.0,0.0,0.0,,,0.0,0.0,0.0,0.0,0.0,0.0,0.0,,0.0,0.0
2025-11-15 08:00:00,,,0.0,0.0,0.0,0.0,0.0,0.0,,,0.0,0.0,0.0,0.0,0.0,0.0,0.0,,0.0,0.0
2025-11-15 12:00:00,,,0.0,0.0,0.0,0.0,0.0,0.0,,,0.0,0.0,0.0,0.0,0.0,0.0,0.0,,0.0,0.0
2025-11-15 16:00:00,,,0.0,0.0,0.0,0.0,0.0,0.0,,,0.0,0.0,0.0,0.0,0.0,0.0,0.0,,0.0,0.0
2025-11-15 20:00:00,,,0.0,0.0,0.0,0.0,0.0,0.0,,,0.0,0.0,0.0,0.0,0.0,0.0,0.0,,0.0,0.0
2025-11-16 00:00:00,0.0,0.0,0.756525635719,0.756525635719,0.0,0.756525635719,0.0,0.0,-0.250118952597,-0.250118952597,0.0,0.0,0.0,0.0,0.020424836601,0.0,1.0,0.0,0.0,0.0
2025-11-16 04:00:00,,,0.0,0.0,0.0,0.0,0.0,0.0,,,0.0,0.0,0.0,0.0,0.0,0.0,0.0,,0.0,0.0
2025-11-16 08:00:00,,,0.0,0.0,0.0,0.0,0.0,0.0,,,0.0,0.0,0.0,0.0,0.0,0.0,0.0,,0.0,0.0
2025-11-16 12:00:00,,,0.0,0.0,0.0,0.0,0.0,0.0,,,0.0,0.0,0.0,0.0,0.0,0.0,0.0,,0.0,0.0
2025-11-16 16:00:00,,,0.0,0.0,0.0,0.0,0.0,0.0,,,0.0,0.0,0.0,0.0,0.0,0.0,0.0,,0.0,0.0
2025-11-16 20:00:00,,,0.0,0.0,0.0,0.0,0.0,0.0,,,0.0,0.0,0.0,0.0,0.0,0.0,0.0,,0.0,0.0
2025-11-17 00:00:00,0.0,0.0,0.0,0.0,0.0,0.0,0.0,0.0,-0.24773371146,-0.24773371146,0.0,0.0,0.0,0.0,0.0,0.0,0.0,0.0,0.0,0.0
2025-11-17 04:00:00,,,0.0,0.0,0.0,0.0,0.0,0.0,,,0.0,0.0,0.0,0.0,0.0,0.0,0.0,,0.0,0.0
2025-11-17 08:00:00,,,0.0,0.0,0.0,0.0,0.0,0.0,,,0.0,0.0,0.0,0.0,0.0,0.0,0.0,,0.0,0.0
2025-11-17 12:00:00,,,0.0,0.0,0.0,0.0,0.0,0.0,,,0.0,0.0,0.0,0.0,0.0,0.0,0.0,,0.0,0.0
2025-11-17 16:00:00,,,0.0,0.0,0.0,0.0,0.0,0.0,,,0.0,0.0,0.0,0.0,0.0,0.0,0.0,,0.0,0.0
2025-11-17 20:00:00,,,0.0,0.0,0.0,0.0,0.0,0.0,,,0.0,0.0,0.0,0.0,0.0,0.0,0.0,,0.0,0.0
2025-11-18 00:00:00,0.0,0.0,0.0,0.0,0.0,0.0,0.0,0.0,-0.245415499043,-0.245415499043,0.0,0.0,0.0,0.0,0.0,0.0,0.0,0.0,0.0,0.0
2025-11-18 04:00:00,,,0.0,0.0,0.0,0.0,0.0,0.0,,,0.0,0.0,0.0,0.0,0.0,0.0,0.0,,0.0,0.0
2025-11-18 08:00:00,,,0.0,0.0,0.0,0.0,0.0,0.0,,,0.0,0.0,0.0,0.0,0.0,0.0,0.0,,0.0,0.0
2025-11-18 12:00:00,,,0.0,0.0,0.0,0.0,0.0,0.0,,,0.0,0.0,0.0,0.0,0.0,0.0,0.0,,0.0,0.0
2025-11-18 16:00:00,,,0.0,0.0,0.0,0.0,0.0,0.0,,,0.0,0.0,0.0,0.0,0.0,0.0,0.0,,0.0,0.0
2025-11-18 20:00:00,,,0.0,0.0,0.0,0.0,0.0,0.0,,,0.0,0.0,0.0,0.0,0.0,0.0,0.0,,0.0,0.0
2025-11-19 00:00:00,0.0,0.0,0.0,0.0,0.0,0.0,0.0,0.0,-0.243161230907,-0.243161230907,0.0,0.0,0.0,0.0,0.0,0.0,0.0,0.0,0.0,0.0
2025-11-19 04:00:00,,,0.0,0.0,0.0,0.0,0.0,0.0,,,0.0,0.0,0.0,0.0,0.0,0.0,0.0,,0.0,0.0
2025-11-19 08:00:00,,,0.0,0.0,0.0,0.0,0.0,0.0,,,0.0,0.0,0.0,0.0,0.0,0.0,0.0,,0.0,0.0
2025-11-19 12:00:00,,,0.0,0.0,0.0,0.0,0.0,0.0,,,0.0,0.0,0.0,0.0,0.0,0.0,0.0,,0.0,0.0
2025-11-19 16:00:00,,,0.0,0.0,0.0,0.0,0.0,0.0,,,0.0,0.0,0.0,0.0,0.0,0.0,0.0,,0.0,0.0
2025-11-19 20:00:00,,,0.0,0.0,0.0,0.0,0.0,0.0,,,0.0,0.0,0.0,0.0,0.028673328306,0.0,2.0,,0.0,0.0
2025-11-20 00:00:00,0.0,0.0,0.0,0.0,0.0,0.0,0.0,0.0,-0.240968017899,-0.240968017899,0.0,0.0,0.0,0.011972402597,0.029799914857,2.0,2.0,2.0,1.0,1.0
2025-11-20 04:00:00,,,0.0,0.0,0.0,0.0,0.0,0.0,,,0.0,0.0,0.0,0.0,0.0,0.0,0.0,,0.0,0.0
2025-11-20 08:00:00,,,0.0,0.0,0.0,0.0,0.0,0.0,,,0.0,0.0,0.0,0.0,0.0,0.0,0.0,,0.0,0.0
2025-11-20 12:00:00,,,0.0,0.0,0.0,0.0,0.0,0.0,,,0.0,0.0,0.0,0.0,0.0,0.0,0.0,,0.0,0.0
2025-11-20 16:00:00,,,0.0,0.0,0.0,0.0,0.0,0.0,,,0.0,0.0,0.0,0.0,0.0,0.0,0.0,,0.0,0.0
2025-11-20 20:00:00,,,0.0,0.0,0.0,0.0,0.0,0.0,,,0.0,0.0,0.0,0.0,0.008941344778,0.0,1.0,,1.0,1.0
2025-11-21 00:00:00,0.0,0.0,0.0,0.0,0.0,0.0,0.0,0.0,-0.238833150525,-0.238833150525,0.0,0.0,0.0,0.0,0.0,0.0,0.0,0.0,0.0,0.0
2025-11-21 04:00:00,,,0.0,0.0,0.0,0.0,0.0,0.0,,,0.0,0.0,0.0,0.004404510218,0.0,1.0,0.0,,0.0,0.0
2025-11-21 08:00:00,,,0.0,0.0,0.0,0.0,0.0,0.0,,,0.0,0.0,0.0,0.0,0.0,0.0,0.0,,0.0,0.0
2025-11-21 12:00:00,,,0.0,0.0,0.0,0.0,0.0,0.0,,,0.0,0.0,0.0,0.0,0.0,0.0,0.0,,0.0,0.0
2025-11-21 16:00:00,,,0.0,0.0,0.0,0.0,0.0,0.0,,,0.0,0.0,0.0,0.0,0.0,0.0,0.0,,0.0,0.0
2025-11-21 20:00:00,,,0.0,0.0,0.0,0.0,0.0,0.0,,,0.0,0.0,0.0,0.0,0.0,0.0,0.0,,0.0,0.0
2025-11-22 00:00:00,0.0,0.0,0.0,0.0,0.0,0.0,0.0,0.0,-0.236754084825,-0.236754084825,0.0,0.0,0.0,0.0,0.0,0.0,0.0,0.0,0.0,0.0
2025-11-22 04:00:00,,,0.0,0.0,0.0,0.0,0.0,0.0,,,0.0,0.0,0.0,0.0,0.0,0.0,0.0,,0.0,0.0
2025-11-22 08:00:00,,,0.0,0.0,0.0,0.0,0.0,0.0,,,0.0,0.0,0.0,0.0,0.0,0.0,0.0,,0.0,0.0
2025-11-22 12:00:00,,,0.0,0.0,0.0,0.0,0.0,0.0,,,0.0,0.0,0.0,0.0,0.0,0.0,0.0,,0.0,0.0
2025-11-22 16:00:00,,,0.0,0.0,0.0,0.0,0.0,0.0,,,0.0,0.0,0.0,0.0,0.0,0.0,0.0,,0.0,0.0
2025-11-22 20:00:00,,,0.0,0.0,0.0,0.0,0.0,0.0,,,0.0,0.0,0.0,0.0,0.011973180077,0.0,1.0,,0.0,0.0
2025-11-23 00:00:00,0.0,0.0,0.0,0.0,0.0,0.0,0.0,0.0,-0.234728429586,-0.234728429586,0.0,0.0,0.0,0.0,0.0,0.0,0.0,0.0,0.0,0.0
2025-11-23 04:00:00,,,0.0,0.0,0.0,0.0,0.0,0.0,,,0.0,0.0,0.0,0.0,0.0,0.0,0.0,,0.0,0.0
2025-11-23 08:00:00,,,0.0,0.0,0.0,0.0,0.0,0.0,,,0.0,0.0,0.0,0.0,0.0,0.0,0.0,,0.0,0.0
2025-11-23 12:00:00,,,0.0,0.0,0.0,0.0,0.0,0.0,,,0.0,0.0,0.0,0.0,0.0,0.0,0.0,,0.0,0.0
2025-11-23 16:00:00,,,0.0,0.0,0.0,0.0,0.0,0.0,,,0.0,0.0,0.0,0.0,0.0,0.0,0.0,,0.0,0.0
2025-11-23 20:00:00,,,0.0,0.0,0.0,0.0,0.0,0.0,,,0.0,0.0,0.0,0.0,0.0,0.0,0.0,,0.0,0.0
2025-11-24 00:00:00,0.0,0.0,0.0,0.0,0.0,0.0,0.0,0.0,-0.234728429586,-0.234728429586,0.0,0.0,0.0,0.0,0.0,0.0,0.0,0.0,0.0,0.0
2025-11-24 04:00:00,,,0.0,0.0,0.0,0.0,0.0,0.0,,,0.0,0.0,0.0,0.0,0.0,0.0,0.0,,0.0,0.0
2025-11-24 08:00:00,,,0.0,0.0,0.0,0.0,0.0,0.0,,,0.0,0.0,0.0,0.0,0.0,0.0,0.0,,0.0,0.0
2025-11-24 12:00:00,,,0.0,0.0,0.0,0.0,0.0,0.0,,,0.0,0.0,0.0,0.0,0.0,0.0,0.0,,0.0,0.0
2025-11-24 16:00:00,,,0.0,0.0,0.0,0.0,0.0,0.0,,,0.0,0.0,0.0,0.0,0.0,0.0,0.0,,0.0,0.0
2025-11-24 20:00:00,,,0.0,0.0,0.0,0.0,0.0,0.0,,,0.0,0.0,0.0,0.0,0.0,0.0,0.0,,0.0,0.0
2025-11-25 00:00:00,0.0,0.0,0.0,0.0,0.0,0.0,0.0,0.0,-0.329272128097,-0.329272128097,0.0,0.0,0.0,0.0,0.0,0.0,0.0,0.0,0.0,0.0
2025-11-25 04:00:00,,,0.0,0.0,0.0,0.0,0.0,0.0,,,0.0,0.0,0.0,0.0,0.0,0.0,0.0,,0.0,0.0
2025-11-25 08:00:00,,,0.0,0.0,0.0,0.0,0.0,0.0,,,0.0,0.0,0.0,0.004125412541,0.007361601885,1.0,1.0,,0.0,0.0
2025-11-25 12:00:00,,,0.0,0.0,0.0,0.0,0.0,0.0,,,0.0,0.0,0.0,0.0,0.0,0.0,0.0,,0.0,0.0
2025-11-25 16:00:00,,,0.0,0.0,0.0,0.0,0.0,0.0,,,0.0,0.0,0.0,0.0,0.0,0.0,0.0,,0.0,0.0
2025-11-25 20:00:00,,,0.0,0.0,0.0,0.0,0.0,0.0,,,0.0,0.0,0.0,0.0,0.0,0.0,0.0,,0.0,0.0
2025-11-26 00:00:00,0.0,0.0,0.0,0.0,0.0,0.0,0.0,0.0,-0.31328395464,-0.31328395464,0.0,0.0,0.0,0.0,0.0,0.0,0.0,0.0,0.0,0.0
2025-11-26 04:00:00,,,0.0,0.0,0.0,0.0,0.0,0.0,,,0.0,0.0,0.0,0.0,0.0,0.0,0.0,,0.0,0.0
2025-11-26 08:00:00,,,0.790828287601,0.790828287601,0.0,0.790828287601,0.0,0.0,,,0.0,0.0,0.0,0.0,0.008979885057,0.0,1.0,,0.0,0.0
2025-11-26 12:00:00,,,0.0,0.0,0.0,0.0,0.0,0.0,,,0.0,0.0,0.0,0.0,0.0,0.0,0.0,,0.0,0.0
2025-11-26 16:00:00,,,0.0,0.0,0.0,0.0,0.0,0.0,,,0.0,0.0,0.0,0.0,0.0,0.0,0.0,,0.0,0.0
2025-11-26 20:00:00,,,0.0,0.0,0.0,0.0,0.0,0.0,,,0.0,0.0,0.0,0.0,0.0,0.0,0.0,,0.0,0.0
2025-11-27 00:00:00,0.0,0.0,0.0,0.0,0.0,0.0,0.0,0.0,0.162149565593,0.162149565593,0.0,0.0,0.0,0.0,0.0,0.0,0.0,1.0,0.0,0.0
2025-11-27 04:00:00,,,0.753122270107,0.753122270107,0.0,0.753122270107,0.066685874965,0.066685874965,,,1.856534759027,1.856534759027,0.066685874965,0.004972155927,0.009097525473,1.0,1.0,,1.0,1.0
2025-11-27 08:00:00,,,0.0,0.0,0.0,0.0,-0.066685874965,-0.066685874965,,,-0.128036879933,-0.128036879933,-0.066685874965,0.0,0.0,0.0,0.0,,0.0,0.0
2025-11-27 12:00:00,,,0.0,0.0,0.0,0.0,0.0,0.0,,,-0.128036879933,-0.128036879933,0.0,0.0,0.0,0.0,0.0,,0.0,0.0
2025-11-27 16:00:00,,,0.0,0.0,0.0,0.0,0.0,0.0,,,-0.128036879933,-0.128036879933,0.0,0.0,0.0,0.0,0.0,,0.0,0.0
2025-11-27 20:00:00,,,0.0,0.0,0.0,0.0,0.0,0.0,,,-0.128036879933,-0.128036879933,0.0,0.0,0.0,0.0,0.0,,0.0,0.0
2025-11-28 00:00:00,0.0,0.0,0.0,0.0,0.0,0.0,0.0,0.0,-0.321402005707,-0.321402005707,-0.128036879933,-0.128036879933,0.0,0.0,0.0,0.0,0.0,0.0,0.0,0.0
2025-11-28 04:00:00,,,0.0,0.0,0.0,0.0,0.0,0.0,,,-0.128036879933,-0.128036879933,0.0,0.0,0.0,0.0,0.0,,0.0,0.0
2025-11-28 08:00:00,,,0.0,0.0,0.0,0.0,0.0,0.0,,,-0.128036879933,-0.128036879933,0.0,0.0,0.0,0.0,0.0,,0.0,0.0
2025-11-28 12:00:00,,,0.0,0.0,0.0,0.0,0.0,0.0,,,-0.128036879933,-0.128036879933,0.0,0.0,0.0,0.0,0.0,,0.0,0.0
2025-11-28 16:00:00,,,0.0,0.0,0.0,0.0,0.0,0.0,,,-0.128036879933,-0.128036879933,0.0,0.0,0.0,0.0,0.0,,0.0,0.0
2025-11-28 20:00:00,,,0.0,0.0,0.0,0.0,0.0,0.0,,,-0.128036879933,-0.128036879933,0.0,0.0,0.0,0.0,0.0,,0.0,0.0
2025-11-29 00:00:00,0.0,0.0,0.0,0.0,0.0,0.0,0.0,0.0,-0.321402005707,-0.321402005707,-0.128036879933,-0.128036879933,0.0,0.0,0.0,0.0,0.0,0.0,0.0,0.0
2025-11-29 04:00:00,,,0.0,0.0,0.0,0.0,0.0,0.0,,,-0.128036879933,-0.128036879933,0.0,0.0,0.0,0.0,0.0,,0.0,0.0
2025-11-29 08:00:00,,,0.0,0.0,0.0,0.0,0.0,0.0,,,-0.128036879933,-0.128036879933,0.0,0.0,0.0,0.0,0.0,,0.0,0.0
2025-11-29 12:00:00,,,0.0,0.0,0.0,0.0,0.0,0.0,,,-0.128036879933,-0.128036879933,0.0,0.0,0.0,0.0,0.0,,0.0,0.0
2025-11-29 16:00:00,,,0.0,0.0,0.0,0.0,0.0,0.0,,,-0.064018439966,-0.064018439966,0.0,0.0,0.0,0.0,0.0,,0.0,0.0
2025-11-29 20:00:00,,,0.0,0.0,0.0,0.0,0.0,0.0,,,0.0,0.0,0.0,0.0,0.0,0.0,0.0,,0.0,0.0
2025-11-30 00:00:00,0.0,0.0,0.0,0.0,0.0,0.0,0.0,0.0,-0.321402005707,-0.321402005707,0.0,0.0,0.0,0.0,0.0,0.0,0.0,0.0,0.0,0.0
2025-11-30 04:00:00,,,0.0,0.0,0.0,0.0,0.0,0.0,,,0.0,0.0,0.0,0.0,0.0,0.0,0.0,,0.0,0.0
2025-11-30 08:00:00,,,0.0,0.0,0.0,0.0,0.0,0.0,,,0.0,0.0,0.0,0.0,0.0,0.0,0.0,,0.0,0.0
2025-11-30 12:00:00,,,0.0,0.0,0.0,0.0,0.0,0.0,,,0.0,0.0,0.0,0.0,0.0,0.0,0.0,,0.0,0.0
2025-11-30 16:00:00,,,0.0,0.0,0.0,0.0,0.0,0.0,,,0.0,0.0,0.0,0.0,0.0,0.0,0.0,,0.0,0.0
2025-11-30 20:00:00,,,0.0,0.0,0.0,0.0,0.0,0.0,,,0.0,0.0,0.0,0.0,0.0,0.0,0.0,,0.0,0.0
2025-12-01 00:00:00,0.0,0.0,0.0,0.0,0.0,0.0,0.0,0.0,-0.321402005707,-0.321402005707,0.0,0.0,0.0,0.0,0.0,0.0,0.0,0.0,0.0,0.0
2025-12-01 04:00:00,,,0.0,0.0,0.0,0.0,0.0,0.0,,,0.0,0.0,0.0,0.0,0.0,0.0,0.0,,0.0,0.0
2025-12-01 08:00:00,,,0.0,0.0,0.0,0.0,0.0,0.0,,,0.0,0.0,0.0,0.0,0.0,0.0,0.0,,0.0,0.0
2025-12-01 12:00:00,,,0.0,0.0,0.0,0.0,0.0,0.0,,,0.0,0.0,0.0,0.0,0.0,0.0,0.0,,0.0,0.0
2025-12-01 16:00:00,,,0.0,0.0,0.0,0.0,0.0,0.0,,,0.0,0.0,0.0,0.0,0.0,0.0,0.0,,0.0,0.0
2025-12-01 20:00:00,,,0.0,0.0,0.0,0.0,0.0,0.0,,,0.0,0.0,0.0,0.0,0.0,0.0,0.0,,0.0,0.0
2025-12-02 00:00:00,0.0,0.0,0.0,0.0,0.0,0.0,0.0,0.0,-0.303617370801,-0.303617370801,0.0,0.0,0.0,0.001302083333,0.003317409766,1.0,1.0,0.0,0.0,0.0
2025-12-02 04:00:00,,,0.0,0.0,0.0,0.0,0.0,0.0,,,0.0,0.0,0.0,0.0,0.0,0.0,0.0,,0.0,0.0
2025-12-02 08:00:00,,,0.819940924644,0.819940924644,0.0,0.819940924644,0.0,0.0,,,0.0,0.0,0.0,0.0,0.00332800852,0.0,1.0,,0.0,0.0
2025-12-02 12:00:00,,,0.0,0.0,0.0,0.0,0.0,0.0,,,0.0,0.0,0.0,0.0,0.0,0.0,0.0,,0.0,0.0
2025-12-02 16:00:00,,,0.0,0.0,0.0,0.0,0.0,0.0,,,0.0,0.0,0.0,0.0,0.0,0.0,0.0,,0.0,0.0
2025-12-02 20:00:00,,,0.0,0.0,0.0,0.0,0.0,0.0,,,0.0,0.0,0.0,0.0,0.0,0.0,0.0,,0.0,0.0
2025-12-03 00:00:00,0.0,0.0,0.0,0.0,0.0,0.0,0.0,0.0,0.274523607164,0.274523607164,0.0,0.0,0.0,0.0,0.0,0.0,0.0,1.0,0.0,0.0
2025-12-03 04:00:00,,,0.879478752613,0.879478752613,0.0,0.879478752613,0.066685874965,0.066685874965,,,1.856534759027,1.856534759027,0.066685874965,0.0,0.003280839895,0.0,1.0,,1.0,1.0
2025-12-03 08:00:00,,,0.0,0.0,0.0,0.0,-0.066685874965,-0.066685874965,,,-0.128036879933,-0.128036879933,-0.066685874965,0.0,0.0,0.0,0.0,,0.0,0.0
2025-12-03 12:00:00,,,0.0,0.0,0.0,0.0,0.0,0.0,,,-0.128036879933,-0.128036879933,0.0,0.0,0.0,0.0,0.0,,0.0,0.0
2025-12-03 16:00:00,,,0.0,0.0,0.0,0.0,0.0,0.0,,,-0.128036879933,-0.128036879933,0.0,0.0,0.0,0.0,0.0,,0.0,0.0
2025-12-03 20:00:00,,,0.0,0.0,0.0,0.0,0.0,0.0,,,-0.128036879933,-0.128036879933,0.0,0.0,0.0,0.0,0.0,,0.0,0.0
2025-12-04 00:00:00,0.0,0.0,0.0,0.0,0.0,0.0,0.0,0.0,-0.296153592174,-0.296153592174,-0.128036879933,-0.128036879933,0.0,0.0,0.0,0.0,0.0,0.0,0.0,0.0
2025-12-04 04:00:00,,,0.0,0.0,0.0,0.0,0.0,0.0,,,-0.128036879933,-0.128036879933,0.0,0.0,0.0,0.0,0.0,,0.0,0.0
2025-12-04 08:00:00,,,0.0,0.0,0.0,0.0,0.0,0.0,,,-0.128036879933,-0.128036879933,0.0,0.0,0.0,0.0,0.0,,0.0,0.0
2025-12-04 12:00:00,,,0.0,0.0,0.0,0.0,0.0,0.0,,,-0.128036879933,-0.128036879933,0.0,0.0,0.0,0.0,0.0,,0.0,0.0
2025-12-04 16:00:00,,,-0.932542204857,-0.932542204857,0.932542204857,0.0,0.0,0.0,,,-0.128036879933,-0.128036879933,0.0,0.002211606511,0.003747002398,1.0,1.0,,0.0,0.0
2025-12-04 20:00:00,,,0.0,0.0,0.0,0.0,0.0,0.0,,,-0.128036879933,-0.128036879933,0.0,0.0,0.0,0.0,0.0,,0.0,0.0
2025-12-05 00:00:00,0.0,0.0,0.0,0.0,0.0,0.0,0.0,0.0,-0.288177178998,-0.288177178998,-0.128036879933,-0.128036879933,0.0,0.0,0.0,0.0,0.0,0.0,0.0,0.0
2025-12-05 04:00:00,,,0.0,0.0,0.0,0.0,0.0,0.0,,,-0.128036879933,-0.128036879933,0.0,0.0,0.0,0.0,0.0,,0.0,0.0
2025-12-05 08:00:00,,,0.0,0.0,0.0,0.0,0.0,0.0,,,-0.128036879933,-0.128036879933,0.0,0.0,0.0,0.0,0.0,,0.0,0.0
2025-12-05 12:00:00,,,0.792497515678,0.792497515678,0.0,0.792497515678,0.0,0.0,,,-0.128036879933,-0.128036879933,0.0,0.0,0.004528985507,0.0,1.0,,0.0,0.0
2025-12-05 16:00:00,,,0.0,0.0,0.0,0.0,0.0,0.0,,,-0.064018439966,-0.064018439966,0.0,0.0,0.0,0.0,0.0,,0.0,0.0
2025-12-05 20:00:00,,,0.0,0.0,0.0,0.0,0.0,0.0,,,0.0,0.0,0.0,0.0,0.0,0.0,0.0,,0.0,0.0
2025-12-06 00:00:00,0.0,0.0,0.0,0.0,0.0,0.0,0.0,0.0,-0.288177178998,-0.288177178998,0.0,0.0,0.0,0.0,0.0,0.0,0.0,0.0,0.0,0.0
2025-12-06 04:00:00,,,0.0,0.0,0.0,0.0,0.0,0.0,,,0.0,0.0,0.0,0.0,0.0,0.0,0.0,,0.0,0.0
2025-12-06 08:00:00,,,0.0,0.0,0.0,0.0,0.0,0.0,,,0.0,0.0,0.0,0.0,0.0,0.0,0.0,,0.0,0.0
2025-12-06 12:00:00,,,0.0,0.0,0.0,0.0,0.0,0.0,,,0.0,0.0,0.0,0.0,0.0,0.0,0.0,,0.0,0.0
2025-12-06 16:00:00,,,0.0,0.0,0.0,0.0,0.0,0.0,,,0.0,0.0,0.0,0.0,0.0,0.0,0.0,,0.0,0.0
2025-12-06 20:00:00,,,0.0,0.0,0.0,0.0,0.0,0.0,,,0.0,0.0,0.0,0.0,0.0,0.0,0.0,,0.0,0.0
2025-12-07 00:00:00,0.0,0.0,0.0,0.0,0.0,0.0,0.0,0.0,-0.288177178998,-0.288177178998,0.0,0.0,0.0,0.0,0.0,0.0,0.0,0.0,0.0,0.0
2025-12-07 04:00:00,,,0.0,0.0,0.0,0.0,0.0,0.0,,,0.0,0.0,0.0,0.0,0.0,0.0,0.0,,0.0,0.0
2025-12-07 08:00:00,,,0.0,0.0,0.0,0.0,0.0,0.0,,,0.0,0.0,0.0,0.0,0.0,0.0,0.0,,0.0,0.0
2025-12-07 12:00:00,,,0.0,0.0,0.0,0.0,0.0,0.0,,,0.0,0.0,0.0,0.0,0.0,0.0,0.0,,0.0,0.0
2025-12-07 16:00:00,,,0.0,0.0,0.0,0.0,0.0,0.0,,,0.0,0.0,0.0,0.0,0.0,0.0,0.0,,0.0,0.0
2025-12-07 20:00:00,,,0.0,0.0,0.0,0.0,0.0,0.0,,,0.0,0.0,0.0,0.0,0.0,0.0,0.0,,0.0,0.0
2025-12-08 00:00:00,0.0,0.0,0.0,0.0,0.0,0.0,0.0,0.0,-0.288177178998,-0.288177178998,0.0,0.0,0.0,0.0,0.0,0.0,0.0,0.0,0.0,0.0
2025-12-08 04:00:00,,,0.0,0.0,0.0,0.0,0.0,0.0,,,0.0,0.0,0.0,0.0,0.0,0.0,0.0,,0.0,0.0
2025-12-08 08:00:00,,,0.0,0.0,0.0,0.0,0.0,0.0,,,0.0,0.0,0.0,0.0,0.0,0.0,0.0,,0.0,0.0
2025-12-08 12:00:00,,,0.0,0.0,0.0,0.0,0.0,0.0,,,0.0,0.0,0.0,0.0,0.0,0.0,0.0,,0.0,0.0
2025-12-08 16:00:00,,,0.0,0.0,0.0,0.0,0.0,0.0,,,0.0,0.0,0.0,0.0,0.0,0.0,0.0,,0.0,0.0
2025-12-08 20:00:00,,,0.0,0.0,0.0,0.0,0.0,0.0,,,0.0,0.0,0.0,0.0,0.0,0.0,0.0,,0.0,0.0
2025-12-09 00:00:00,0.0,0.0,0.0,0.0,0.0,0.0,0.0,0.0,-0.288177178998,-0.288177178998,0.0,0.0,0.0,0.001622533749,0.004225828262,1.0,1.0,2.0,1.0,1.0
2025-12-09 04:00:00,,,0.0,0.0,0.0,0.0,0.0,0.0,,,0.0,0.0,0.0,0.0,0.0,0.0,0.0,,0.0,0.0
2025-12-09 08:00:00,,,0.0,0.0,0.0,0.0,0.0,0.0,,,0.0,0.0,0.0,0.0,0.003387533875,0.0,1.0,,1.0,1.0
2025-12-09 12:00:00,,,0.0,0.0,0.0,0.0,0.0,0.0,,,0.0,0.0,0.0,0.0,0.0,0.0,0.0,,0.0,0.0
2025-12-09 16:00:00,,,0.0,0.0,0.0,0.0,0.0,0.0,,,0.0,0.0,0.0,0.0,0.0,0.0,0.0,,0.0,0.0
2025-12-09 20:00:00,,,0.0,0.0,0.0,0.0,0.0,0.0,,,0.0,0.0,0.0,0.0,0.0,0.0,0.0,,0.0,0.0
2025-12-10 00:00:00,0.0,0.0,0.0,0.0,0.0,0.0,0.0,0.0,-0.27938225672,-0.27938225672,0.0,0.0,0.0,0.0,0.0,0.0,0.0,0.0,0.0,0.0
2025-12-10 04:00:00,,,0.0,0.0,0.0,0.0,0.0,0.0,,,0.0,0.0,0.0,0.001525134212,0.0,1.0,0.0,,0.0,0.0
2025-12-10 08:00:00,,,0.0,0.0,0.0,0.0,0.0,0.0,,,0.0,0.0,0.0,0.0,0.003365643511,0.0,1.0,,0.0,0.0
2025-12-10 12:00:00,,,0.0,0.0,0.0,0.0,0.0,0.0,,,0.0,0.0,0.0,0.0,0.0,0.0,0.0,,0.0,0.0
2025-12-10 16:00:00,,,0.0,0.0,0.0,0.0,0.0,0.0,,,0.0,0.0,0.0,0.0,0.0,0.0,0.0,,0.0,0.0
2025-12-10 20:00:00,,,0.0,0.0,0.0,0.0,0.0,0.0,,,0.0,0.0,0.0,0.0,0.0,0.0,0.0,,0.0,0.0
2025-12-11 00:00:00,0.0,0.0,0.0,0.0,0.0,0.0,0.0,0.0,-0.27938225672,-0.27938225672,0.0,0.0,0.0,0.0,0.0,0.0,0.0,1.0,0.0,0.0
2025-12-11 04:00:00,,,0.0,0.0,0.0,0.0,0.0,0.0,,,0.0,0.0,0.0,0.001411472448,0.003175813008,1.0,1.0,,1.0,1.0
2025-12-11 08:00:00,,,0.0,0.0,0.0,0.0,0.0,0.0,,,0.0,0.0,0.0,0.0,0.0,0.0,0.0,,0.0,0.0
2025-12-11 12:00:00,,,0.0,0.0,0.0,0.0,0.0,0.0,,,0.0,0.0,0.0,0.0,0.0,0.0,0.0,,0.0,0.0
2025-12-11 16:00:00,,,0.0,0.0,0.0,0.0,0.0,0.0,,,0.0,0.0,0.0,0.0,0.0,0.0,0.0,,0.0,0.0
2025-12-11 20:00:00,,,0.0,0.0,0.0,0.0,0.0,0.0,,,0.0,0.0,0.0,0.0,0.0,0.0,0.0,,0.0,0.0
2025-12-12 00:00:00,0.0,0.0,0.0,0.0,0.0,0.0,0.0,0.0,-0.27938225672,-0.27938225672,0.0,0.0,0.0,0.0,0.0,0.0,0.0,0.0,0.0,0.0
2025-12-12 04:00:00,,,0.0,0.0,0.0,0.0,0.0,0.0,,,0.0,0.0,0.0,0.0,0.0,0.0,0.0,,0.0,0.0
2025-12-12 08:00:00,,,0.933026194572,0.933026194572,0.0,0.933026194572,0.0,0.0,,,0.0,0.0,0.0,0.0,0.003270538985,0.0,1.0,,0.0,0.0
2025-12-12 12:00:00,,,-0.728553116322,-0.728553116322,0.728553116322,0.0,0.0,0.0,,,0.0,0.0,0.0,0.0,0.003210066769,0.0,1.0,,0.0,0.0
2025-12-12 16:00:00,,,0.0,0.0,0.0,0.0,0.0,0.0,,,0.0,0.0,0.0,0.0,0.003537068478,0.0,1.0,,0.0,0.0
2025-12-12 20:00:00,,,0.0,0.0,0.0,0.0,0.0,0.0,,,0.0,0.0,0.0,0.0,0.0,0.0,0.0,,0.0,0.0
2025-12-13 00:00:00,0.0,0.0,0.0,0.0,0.0,0.0,0.0,0.0,-0.27938225672,-0.27938225672,0.0,0.0,0.0,0.0,0.0,0.0,0.0,0.0,0.0,0.0
2025-12-13 04:00:00,,,0.0,0.0,0.0,0.0,0.0,0.0,,,0.0,0.0,0.0,0.0,0.0,0.0,0.0,,0.0,0.0
2025-12-13 08:00:00,,,0.0,0.0,0.0,0.0,0.0,0.0,,,0.0,0.0,0.0,0.0,0.0,0.0,0.0,,0.0,0.0
2025-12-13 12:00:00,,,0.0,0.0,0.0,0.0,0.0,0.0,,,0.0,0.0,0.0,0.0,0.0,0.0,0.0,,0.0,0.0
2025-12-13 16:00:00,,,0.0,0.0,0.0,0.0,0.0,0.0,,,0.0,0.0,0.0,0.0,0.0,0.0,0.0,,0.0,0.0
2025-12-13 20:00:00,,,0.0,0.0,0.0,0.0,0.0,0.0,,,0.0,0.0,0.0,0.0,0.0,0.0,0.0,,0.0,0.0
2025-12-14 00:00:00,0.0,0.0,0.0,0.0,0.0,0.0,0.0,0.0,-0.257114708979,-0.257114708979,0.0,0.0,0.0,0.0,0.0,0.0,0.0,0.0,0.0,0.0
2025-12-14 04:00:00,,,0.0,0.0,0.0,0.0,0.0,0.0,,,0.0,0.0,0.0,0.0,0.0,0.0,0.0,,0.0,0.0
2025-12-14 08:00:00,,,0.0,0.0,0.0,0.0,0.0,0.0,,,0.0,0.0,0.0,0.0,0.0,0.0,0.0,,0.0,0.0
2025-12-14 12:00:00,,,0.0,0.0,0.0,0.0,0.0,0.0,,,0.0,0.0,0.0,0.0,0.0,0.0,0.0,,0.0,0.0
2025-12-14 16:00:00,,,0.0,0.0,0.0,0.0,0.0,0.0,,,0.0,0.0,0.0,0.0,0.0,0.0,0.0,,0.0,0.0
2025-12-14 20:00:00,,,0.0,0.0,0.0,0.0,0.0,0.0,,,0.0,0.0,0.0,0.0,0.0,0.0,0.0,,0.0,0.0
2025-12-15 00:00:00,0.0,0.0,0.0,0.0,0.0,0.0,0.0,0.0,-0.257114708979,-0.257114708979,0.0,0.0,0.0,0.0,0.0,0.0,0.0,0.0,0.0,0.0
2025-12-15 04:00:00,,,0.0,0.0,0.0,0.0,0.0,0.0,,,0.0,0.0,0.0,0.0,0.0,0.0,0.0,,0.0,0.0
2025-12-15 08:00:00,,,0.909300625324,0.909300625324,0.0,0.909300625324,0.0,0.0,,,0.0,0.0,0.0,0.0,0.003180661578,0.0,1.0,,0.0,0.0
2025-12-15 12:00:00,,,0.0,0.0,0.0,0.0,0.0,0.0,,,0.0,0.0,0.0,0.0,0.0,0.0,0.0,,0.0,0.0
2025-12-15 16:00:00,,,0.0,0.0,0.0,0.0,0.0,0.0,,,0.0,0.0,0.0,0.0,0.0,0.0,0.0,,0.0,0.0
2025-12-15 20:00:00,,,0.0,0.0,0.0,0.0,0.0,0.0,,,0.0,0.0,0.0,0.0,0.0,0.0,0.0,,0.0,0.0
2025-12-16 00:00:00,0.0,0.0,0.0,0.0,0.0,0.0,0.0,0.0,-0.257114708979,-0.257114708979,0.0,0.0,0.0,0.0,0.0,0.0,0.0,1.0,0.0,0.0
2025-12-16 04:00:00,,,0.0,0.0,0.0,0.0,0.0,0.0,,,0.0,0.0,0.0,0.0,0.0,0.0,0.0,,0.0,0.0
2025-12-16 08:00:00,,,0.0,0.0,0.0,0.0,0.0,0.0,,,0.0,0.0,0.0,0.0,0.005383290267,0.0,1.0,,1.0,1.0
2025-12-16 12:00:00,,,0.0,0.0,0.0,0.0,0.0,0.0,,,0.0,0.0,0.0,0.0,0.0,0.0,0.0,,0.0,0.0
2025-12-16 16:00:00,,,0.0,0.0,0.0,0.0,0.0,0.0,,,0.0,0.0,0.0,0.0,0.0,0.0,0.0,,0.0,0.0
2025-12-16 20:00:00,,,0.0,0.0,0.0,0.0,0.0,0.0,,,0.0,0.0,0.0,0.0,0.0,0.0,0.0,,0.0,0.0
2025-12-17 00:00:00,0.0,0.0,0.0,0.0,0.0,0.0,0.0,0.0,1.048190469503,1.048190469503,0.0,0.0,0.0,0.0,0.0,0.0,0.0,1.0,0.0,0.0
2025-12-17 04:00:00,,,0.783314466476,0.783314466476,0.0,0.783314466476,0.128036879933,0.128036879933,,,1.88854397901,1.88854397901,0.128036879933,0.0,0.014269406393,0.0,1.0,,1.0,1.0
2025-12-17 08:00:00,,,0.737831473351,0.737831473351,0.0,0.737831473351,-0.128036879933,-0.128036879933,,,-0.128036879933,-0.128036879933,-0.128036879933,0.0,0.008644536653,0.0,1.0,,0.0,0.0
2025-12-17 12:00:00,,,0.0,0.0,0.0,0.0,0.0,0.0,,,-0.128036879933,-0.128036879933,0.0,0.0,0.0,0.0,0.0,,0.0,0.0
2025-12-17 16:00:00,,,0.0,0.0,0.0,0.0,0.0,0.0,,,-0.128036879933,-0.128036879933,0.0,0.0,0.0,0.0,0.0,,0.0,0.0
2025-12-17 20:00:00,,,0.0,0.0,0.0,0.0,0.0,0.0,,,-0.128036879933,-0.128036879933,0.0,0.0,0.0,0.0,0.0,,0.0,0.0
2025-12-18 00:00:00,0.0,0.0,0.0,0.0,0.0,0.0,0.0,0.0,-0.27657029129,-0.27657029129,-0.128036879933,-0.128036879933,0.0,0.0,0.0,0.0,0.0,0.0,0.0,0.0
2025-12-18 04:00:00,,,0.0,0.0,0.0,0.0,0.0,0.0,,,-0.128036879933,-0.128036879933,0.0,0.0,0.0,0.0,0.0,,0.0,0.0
2025-12-18 08:00:00,,,0.831946134567,0.831946134567,0.0,0.831946134567,0.0,0.0,,,-0.128036879933,-0.128036879933,0.0,0.0,0.002950897073,0.0,1.0,,0.0,0.0
2025-12-18 12:00:00,,,0.0,0.0,0.0,0.0,0.0,0.0,,,-0.128036879933,-0.128036879933,0.0,0.0,0.0,0.0,0.0,,0.0,0.0
2025-12-18 16:00:00,,,0.0,0.0,0.0,0.0,0.0,0.0,,,-0.128036879933,-0.128036879933,0.0,0.0,0.0,0.0,0.0,,0.0,0.0
2025-12-18 20:00:00,,,0.0,0.0,0.0,0.0,0.0,0.0,,,-0.128036879933,-0.128036879933,0.0,0.0,0.0,0.0,0.0,,0.0,0.0
2025-12-19 00:00:00,0.0,0.0,0.0,0.0,0.0,0.0,0.0,0.0,-0.27657029129,-0.27657029129,-0.128036879933,-0.128036879933,0.0,0.0,0.0,0.0,0.0,0.0,0.0,0.0
2025-12-19 04:00:00,,,0.0,0.0,0.0,0.0,0.0,0.0,,,-0.128036879933,-0.128036879933,0.0,0.0,0.0,0.0,0.0,,0.0,0.0
2025-12-19 08:00:00,,,0.0,0.0,0.0,0.0,0.0,0.0,,,-0.128036879933,-0.128036879933,0.0,0.0,0.0,0.0,0.0,,0.0,0.0
2025-12-19 12:00:00,,,0.0,0.0,0.0,0.0,0.0,0.0,,,-0.128036879933,-0.128036879933,0.0,0.0,0.0,0.0,0.0,,0.0,0.0
2025-12-19 16:00:00,,,0.0,0.0,0.0,0.0,0.0,0.0,,,-0.09602765995,-0.09602765995,0.0,0.0,0.0,0.0,0.0,,0.0,0.0
2025-12-19 20:00:00,,,0.0,0.0,0.0,0.0,0.0,0.0,,,0.0,0.0,0.0,0.0,0.0,0.0,0.0,,0.0,0.0
2025-12-20 00:00:00,0.0,0.0,0.0,0.0,0.0,0.0,0.0,0.0,-0.27657029129,-0.27657029129,0.0,0.0,0.0,0.0,0.0,0.0,0.0,0.0,0.0,0.0
2025-12-20 04:00:00,,,0.0,0.0,0.0,0.0,0.0,0.0,,,0.0,0.0,0.0,0.0,0.0,0.0,0.0,,0.0,0.0
2025-12-20 08:00:00,,,0.0,0.0,0.0,0.0,0.0,0.0,,,0.0,0.0,0.0,0.0,0.0,0.0,0.0,,0.0,0.0
2025-12-20 12:00:00,,,0.0,0.0,0.0,0.0,0.0,0.0,,,0.0,0.0,0.0,0.0,0.0,0.0,0.0,,0.0,0.0
2025-12-20 16:00:00,,,0.0,0.0,0.0,0.0,0.0,0.0,,,0.0,0.0,0.0,0.0,0.0,0.0,0.0,,0.0,0.0
2025-12-20 20:00:00,,,0.0,0.0,0.0,0.0,0.0,0.0,,,0.0,0.0,0.0,0.0,0.0,0.0,0.0,,0.0,0.0
2025-12-21 00:00:00,0.0,0.0,0.0,0.0,0.0,0.0,0.0,0.0,-0.242899794442,-0.242899794442,0.0,0.0,0.0,0.0,0.0,0.0,0.0,0.0,0.0,0.0
2025-12-21 04:00:00,,,0.0,0.0,0.0,0.0,0.0,0.0,,,0.0,0.0,0.0,0.0,0.0,0.0,0.0,,0.0,0.0
2025-12-21 08:00:00,,,0.0,0.0,0.0,0.0,0.0,0.0,,,0.0,0.0,0.0,0.0,0.0,0.0,0.0,,0.0,0.0
2025-12-21 12:00:00,,,0.0,0.0,0.0,0.0,0.0,0.0,,,0.0,0.0,0.0,0.0,0.0,0.0,0.0,,0.0,0.0
2025-12-21 16:00:00,,,0.0,0.0,0.0,0.0,0.0,0.0,,,0.0,0.0,0.0,0.0,0.0,0.0,0.0,,0.0,0.0
2025-12-21 20:00:00,,,0.0,0.0,0.0,0.0,0.0,0.0,,,0.0,0.0,0.0,0.0,0.0,0.0,0.0,,0.0,0.0
2025-12-22 00:00:00,0.0,0.0,0.0,0.0,0.0,0.0,0.0,0.0,0.47440865082,0.47440865082,0.0,0.0,0.0,0.0,0.0,0.0,0.0,1.0,0.0,0.0
2025-12-22 04:00:00,,,0.782633602619,0.782633602619,0.0,0.782633602619,0.0,0.0,,,0.0,0.0,0.0,0.0,0.003894080997,0.0,1.0,,0.0,0.0
2025-12-22 08:00:00,,,0.0,0.0,0.0,0.0,0.0,0.0,,,0.0,0.0,0.0,0.0,0.0124750499,0.0,1.0,,0.0,0.0
2025-12-22 12:00:00,,,0.0,0.0,0.0,0.0,0.0,0.0,,,0.0,0.0,0.0,0.0,0.002857796068,0.0,1.0,,1.0,1.0
2025-12-22 16:00:00,,,0.0,0.0,0.0,0.0,0.0,0.0,,,0.0,0.0,0.0,0.0,0.0,0.0,0.0,,0.0,0.0
2025-12-22 20:00:00,,,0.0,0.0,0.0,0.0,0.0,0.0,,,0.0,0.0,0.0,0.0,0.0,0.0,0.0,,0.0,0.0
2025-12-23 00:00:00,0.0,0.0,0.0,0.0,0.0,0.0,0.0,0.0,2.422470062887,2.422470062887,0.0,0.0,0.0,0.0,0.0,0.0,0.0,2.0,0.0,0.0
2025-12-23 04:00:00,,,0.714341878891,0.714341878891,0.0,0.714341878891,0.098695094948,0.098695094948,,,1.88854397901,1.88854397901,0.098695094948,0.0,0.037878787879,0.0,1.0,,1.0,1.0
2025-12-23 08:00:00,,,0.0,0.0,0.0,0.0,-0.098695094948,-0.098695094948,,,-0.128036879933,-0.128036879933,-0.098695094948,0.0,0.0,0.0,0.0,,0.0,0.0
2025-12-23 12:00:00,,,0.0,0.0,0.0,0.0,0.0,0.0,,,-0.128036879933,-0.128036879933,0.0,0.0,0.0,0.0,0.0,,0.0,0.0
2025-12-23 16:00:00,,,0.817058324814,0.817058324814,0.0,0.817058324814,0.090692789952,0.090692789952,,,1.313624738168,1.313624738168,0.090692789952,0.0,0.011081560284,0.0,1.0,,1.0,1.0
2025-12-23 20:00:00,,,0.0,0.0,0.0,0.0,-0.090692789952,-0.090692789952,,,-0.182176355847,-0.182176355847,-0.090692789952,0.0,0.0,0.0,0.0,,0.0,0.0
2025-12-24 00:00:00,0.0,0.0,0.799606919289,0.799606919289,0.0,0.799606919289,0.0,0.0,-0.274669398437,-0.274669398437,-0.182176355847,-0.182176355847,0.0,0.0,0.002905625291,0.0,1.0,0.0,0.0,0.0
2025-12-24 04:00:00,,,0.0,0.0,0.0,0.0,0.0,0.0,,,-0.182176355847,-0.182176355847,0.0,0.0,0.0,0.0,0.0,,0.0,0.0
2025-12-24 08:00:00,,,0.946746766567,0.946746766567,0.0,0.946746766567,0.0,0.0,,,-0.182176355847,-0.182176355847,0.0,0.0,0.004936808847,0.0,1.0,,0.0,0.0
2025-12-24 12:00:00,,,0.0,0.0,0.0,0.0,0.0,0.0,,,-0.182176355847,-0.182176355847,0.0,0.0,0.0,0.0,0.0,,0.0,0.0
2025-12-24 16:00:00,,,0.0,0.0,0.0,0.0,0.0,0.0,,,-0.182176355847,-0.182176355847,0.0,0.0,0.0,0.0,0.0,,0.0,0.0
2025-12-24 20:00:00,,,0.0,0.0,0.0,0.0,0.0,0.0,,,-0.182176355847,-0.182176355847,0.0,0.0,0.0,0.0,0.0,,0.0,0.0
2025-12-25 00:00:00,0.0,0.0,0.0,0.0,0.0,0.0,0.0,0.0,-0.254290486085,-0.254290486085,-0.182176355847,-0.182176355847,0.0,0.0,0.0,0.0,0.0,0.0,0.0,0.0
2025-12-25 04:00:00,,,0.929885983467,0.929885983467,0.0,0.929885983467,0.0,0.0,,,-0.182176355847,-0.182176355847,0.0,0.0,0.004598969831,0.0,1.0,,0.0,0.0
2025-12-25 08:00:00,,,0.0,0.0,0.0,0.0,0.0,0.0,,,-0.182176355847,-0.182176355847,0.0,0.0,0.0,0.0,0.0,,0.0,0.0
2025-12-25 12:00:00,,,0.0,0.0,0.0,0.0,0.0,0.0,,,-0.182176355847,-0.182176355847,0.0,0.0,0.0,0.0,0.0,,0.0,0.0
2025-12-25 16:00:00,,,0.0,0.0,0.0,0.0,0.0,0.0,,,-0.168641486868,-0.168641486868,0.0,0.0,0.0,0.0,0.0,,0.0,0.0
2025-12-25 20:00:00,,,0.0,0.0,0.0,0.0,0.0,0.0,,,-0.128036879933,-0.128036879933,0.0,0.0,0.0,0.0,0.0,,0.0,0.0
2025-12-26 00:00:00,0.0,0.0,0.0,0.0,0.0,0.0,0.0,0.0,-0.254290486085,-0.254290486085,-0.128036879933,-0.128036879933,0.0,0.0,0.0,0.0,0.0,0.0,0.0,0.0
2025-12-26 04:00:00,,,0.0,0.0,0.0,0.0,0.0,0.0,,,-0.064018439966,-0.064018439966,0.0,0.0,0.0,0.0,0.0,,0.0,0.0
2025-12-26 08:00:00,,,0.0,0.0,0.0,0.0,0.0,0.0,,,0.0,0.0,0.0,0.0,0.0,0.0,0.0,,0.0,0.0
2025-12-26 12:00:00,,,0.0,0.0,0.0,0.0,0.0,0.0,,,0.0,0.0,0.0,0.0,0.0,0.0,0.0,,0.0,0.0
2025-12-26 16:00:00,,,0.0,0.0,0.0,0.0,0.0,0.0,,,0.0,0.0,0.0,0.0,0.0,0.0,0.0,,0.0,0.0
2025-12-26 20:00:00,,,0.0,0.0,0.0,0.0,0.0,0.0,,,0.0,0.0,0.0,0.0,0.0,0.0,0.0,,0.0,0.0
2025-12-27 00:00:00,0.0,0.0,0.0,0.0,0.0,0.0,0.0,0.0,-0.254290486085,-0.254290486085,0.0,0.0,0.0,0.0,0.0,0.0,0.0,0.0,0.0,0.0
2025-12-27 04:00:00,,,0.0,0.0,0.0,0.0,0.0,0.0,,,0.0,0.0,0.0,0.0,0.0,0.0,0.0,,0.0,0.0
2025-12-27 08:00:00,,,0.0,0.0,0.0,0.0,0.0,0.0,,,0.0,0.0,0.0,0.0,0.0,0.0,0.0,,0.0,0.0
2025-12-27 12:00:00,,,0.0,0.0,0.0,0.0,0.0,0.0,,,0.0,0.0,0.0,0.0,0.0,0.0,0.0,,0.0,0.0
2025-12-27 16:00:00,,,0.0,0.0,0.0,0.0,0.0,0.0,,,0.0,0.0,0.0,0.0,0.0,0.0,0.0,,0.0,0.0
2025-12-27 20:00:00,,,0.0,0.0,0.0,0.0,0.0,0.0,,,0.0,0.0,0.0,0.0,0.0,0.0,0.0,,0.0,0.0
2025-12-28 00:00:00,0.0,0.0,0.0,0.0,0.0,0.0,0.0,0.0,-0.254290486085,-0.254290486085,0.0,0.0,0.0,0.0,0.0,0.0,0.0,0.0,0.0,0.0
2025-12-28 04:00:00,,,0.0,0.0,0.0,0.0,0.0,0.0,,,0.0,0.0,0.0,0.0,0.0,0.0,0.0,,0.0,0.0
2025-12-28 08:00:00,,,0.0,0.0,0.0,0.0,0.0,0.0,,,0.0,0.0,0.0,0.0,0.0,0.0,0.0,,0.0,0.0
2025-12-28 12:00:00,,,0.0,0.0,0.0,0.0,0.0,0.0,,,0.0,0.0,0.0,0.0,0.0,0.0,0.0,,0.0,0.0
2025-12-28 16:00:00,,,0.0,0.0,0.0,0.0,0.0,0.0,,,0.0,0.0,0.0,0.0,0.0,0.0,0.0,,0.0,0.0
2025-12-28 20:00:00,,,0.0,0.0,0.0,0.0,0.0,0.0,,,0.0,0.0,0.0,0.0,0.0,0.0,0.0,,0.0,0.0
2025-12-29 00:00:00,0.0,0.0,0.0,0.0,0.0,0.0,0.0,0.0,-0.254290486085,-0.254290486085,0.0,0.0,0.0,0.0,0.0,0.0,0.0,0.0,0.0,0.0
2025-12-29 04:00:00,,,0.0,0.0,0.0,0.0,0.0,0.0,,,0.0,0.0,0.0,0.0,0.0,0.0,0.0,,0.0,0.0
2025-12-29 08:00:00,,,0.0,0.0,0.0,0.0,0.0,0.0,,,0.0,0.0,0.0,0.0,0.0,0.0,0.0,,0.0,0.0
2025-12-29 12:00:00,,,0.0,0.0,0.0,0.0,0.0,0.0,,,0.0,0.0,0.0,0.0,0.0,0.0,0.0,,0.0,0.0
2025-12-29 16:00:00,,,0.0,0.0,0.0,0.0,0.0,0.0,,,0.0,0.0,0.0,0.0,0.0,0.0,0.0,,0.0,0.0
2025-12-29 20:00:00,,,0.0,0.0,0.0,0.0,0.0,0.0,,,0.0,0.0,0.0,0.0,0.0,0.0,0.0,,0.0,0.0
2025-12-30 00:00:00,0.0,0.0,0.0,0.0,0.0,0.0,0.0,0.0,-0.254290486085,-0.254290486085,0.0,0.0,0.0,0.0,0.0,0.0,0.0,0.0,0.0,0.0
2025-12-30 04:00:00,,,0.0,0.0,0.0,0.0,0.0,0.0,,,0.0,0.0,0.0,0.0,0.0,0.0,0.0,,0.0,0.0
2025-12-30 08:00:00,,,0.0,0.0,0.0,0.0,0.0,0.0,,,0.0,0.0,0.0,0.0,0.0,0.0,0.0,,0.0,0.0
2025-12-30 12:00:00,,,0.0,0.0,0.0,0.0,0.0,0.0,,,0.0,0.0,0.0,0.0,0.0,0.0,0.0,,0.0,0.0
2025-12-30 16:00:00,,,0.0,0.0,0.0,0.0,0.0,0.0,,,0.0,0.0,0.0,0.0,0.0,0.0,0.0,,0.0,0.0
2025-12-30 20:00:00,,,0.0,0.0,0.0,0.0,0.0,0.0,,,0.0,0.0,0.0,0.0,0.0,0.0,0.0,,0.0,0.0
2025-12-31 00:00:00,0.0,0.0,0.0,0.0,0.0,0.0,0.0,0.0,-0.254290486085,-0.254290486085,0.0,0.0,0.0,0.0,0.0,0.0,0.0,0.0,0.0,0.0
2025-12-31 04:00:00,,,0.0,0.0,0.0,0.0,0.0,0.0,,,0.0,0.0,0.0,0.0,0.0,0.0,0.0,,0.0,0.0
2025-12-31 08:00:00,,,0.0,0.0,0.0,0.0,0.0,0.0,,,0.0,0.0,0.0,0.0,0.0,0.0,0.0,,0.0,0.0
2025-12-31 12:00:00,,,0.0,0.0,0.0,0.0,0.0,0.0,,,0.0,0.0,0.0,0.0,0.0,0.0,0.0,,0.0,0.0
2025-12-31 16:00:00,,,0.0,0.0,0.0,0.0,0.0,0.0,,,0.0,0.0,0.0,0.0,0.0,0.0,0.0,,0.0,0.0
2025-12-31 20:00:00,,,0.0,0.0,0.0,0.0,0.0,0.0,,,0.0,0.0,0.0,0.0,0.0,0.0,0.0,,0.0,0.0
2026-01-01 00:00:00,0.0,0.0,0.0,0.0,0.0,0.0,0.0,0.0,-0.254290486085,-0.254290486085,0.0,0.0,0.0,0.0,0.0,0.0,0.0,0.0,0.0,0.0
2026-01-01 04:00:00,,,0.0,0.0,0.0,0.0,0.0,0.0,,,0.0,0.0,0.0,0.0,0.0,0.0,0.0,,0.0,0.0
2026-01-01 08:00:00,,,0.0,0.0,0.0,0.0,0.0,0.0,,,0.0,0.0,0.0,0.0,0.0,0.0,0.0,,0.0,0.0
2026-01-01 12:00:00,,,0.0,0.0,0.0,0.0,0.0,0.0,,,0.0,0.0,0.0,0.0,0.0,0.0,0.0,,0.0,0.0
2026-01-01 16:00:00,,,0.0,0.0,0.0,0.0,0.0,0.0,,,0.0,0.0,0.0,0.0,0.0,0.0,0.0,,0.0,0.0
2026-01-01 20:00:00,,,0.0,0.0,0.0,0.0,0.0,0.0,,,0.0,0.0,0.0,0.0,0.0,0.0,0.0,,0.0,0.0
2026-01-02 00:00:00,0.0,0.0,0.0,0.0,0.0,0.0,0.0,0.0,-0.254290486085,-0.254290486085,0.0,0.0,0.0,0.0,0.0,0.0,0.0,0.0,0.0,0.0
2026-01-02 04:00:00,,,0.831633090973,0.831633090973,0.0,0.831633090973,0.0,0.0,,,0.0,0.0,0.0,0.0,0.008538251366,0.0,1.0,,0.0,0.0
2026-01-02 08:00:00,,,0.0,0.0,0.0,0.0,0.0,0.0,,,0.0,0.0,0.0,0.0,0.0,0.0,0.0,,0.0,0.0
2026-01-02 12:00:00,,,0.0,0.0,0.0,0.0,0.0,0.0,,,0.0,0.0,0.0,0.0,0.0,0.0,0.0,,0.0,0.0
2026-01-02 16:00:00,,,0.0,0.0,0.0,0.0,0.0,0.0,,,0.0,0.0,0.0,0.0,0.0,0.0,0.0,,0.0,0.0
2026-01-02 20:00:00,,,0.0,0.0,0.0,0.0,0.0,0.0,,,0.0,0.0,0.0,0.0,0.0,0.0,0.0,,0.0,0.0
2026-01-03 00:00:00,0.0,0.0,0.0,0.0,0.0,0.0,0.0,0.0,-0.254290486085,-0.254290486085,0.0,0.0,0.0,0.0,0.0,0.0,0.0,0.0,0.0,0.0
2026-01-03 04:00:00,,,0.0,0.0,0.0,0.0,0.0,0.0,,,0.0,0.0,0.0,0.0,0.0,0.0,0.0,,0.0,0.0
2026-01-03 08:00:00,,,0.0,0.0,0.0,0.0,0.0,0.0,,,0.0,0.0,0.0,0.0,0.0,0.0,0.0,,0.0,0.0
2026-01-03 12:00:00,,,0.0,0.0,0.0,0.0,0.0,0.0,,,0.0,0.0,0.0,0.0,0.0,0.0,0.0,,0.0,0.0
2026-01-03 16:00:00,,,0.0,0.0,0.0,0.0,0.0,0.0,,,0.0,0.0,0.0,0.0,0.0,0.0,0.0,,0.0,0.0
2026-01-03 20:00:00,,,0.0,0.0,0.0,0.0,0.0,0.0,,,0.0,0.0,0.0,0.0,0.0,0.0,0.0,,0.0,0.0
2026-01-04 00:00:00,0.0,0.0,0.0,0.0,0.0,0.0,0.0,0.0,-0.280082903473,-0.280082903473,0.0,0.0,0.0,0.0,0.0,0.0,0.0,0.0,0.0,0.0
2026-01-04 04:00:00,,,0.0,0.0,0.0,0.0,0.0,0.0,,,0.0,0.0,0.0,0.0,0.0,0.0,0.0,,0.0,0.0
2026-01-04 08:00:00,,,0.0,0.0,0.0,0.0,0.0,0.0,,,0.0,0.0,0.0,0.0,0.0,0.0,0.0,,0.0,0.0
2026-01-04 12:00:00,,,0.0,0.0,0.0,0.0,0.0,0.0,,,0.0,0.0,0.0,0.0,0.0,0.0,0.0,,0.0,0.0
2026-01-04 16:00:00,,,0.0,0.0,0.0,0.0,0.0,0.0,,,0.0,0.0,0.0,0.0,0.0,0.0,0.0,,0.0,0.0
2026-01-04 20:00:00,,,0.0,0.0,0.0,0.0,0.0,0.0,,,0.0,0.0,0.0,0.0,0.0,0.0,0.0,,0.0,0.0
2026-01-05 00:00:00,0.0,0.0,0.746489048004,0.746489048004,0.0,0.746489048004,0.0,0.0,-0.280082903473,-0.280082903473,0.0,0.0,0.0,0.0,0.004984051037,0.0,1.0,0.0,0.0,0.0
2026-01-05 04:00:00,,,0.0,0.0,0.0,0.0,0.0,0.0,,,0.0,0.0,0.0,0.0,0.0,0.0,0.0,,0.0,0.0
2026-01-05 08:00:00,,,0.0,0.0,0.0,0.0,0.0,0.0,,,0.0,0.0,0.0,0.011904761905,0.0,1.0,0.0,,0.0,0.0
2026-01-05 12:00:00,,,0.0,0.0,0.0,0.0,0.0,0.0,,,0.0,0.0,0.0,0.0,0.0,0.0,0.0,,0.0,0.0
2026-01-05 16:00:00,,,0.0,0.0,0.0,0.0,0.0,0.0,,,0.0,0.0,0.0,0.0,0.0,0.0,0.0,,0.0,0.0
2026-01-05 20:00:00,,,0.0,0.0,0.0,0.0,0.0,0.0,,,0.0,0.0,0.0,0.0,0.0,0.0,0.0,,0.0,0.0
2026-01-06 00:00:00,0.0,0.0,0.0,0.0,0.0,0.0,0.0,0.0,4.085599465067,4.085599465067,0.0,0.0,0.0,0.0,0.0,0.0,0.0,1.0,0.0,0.0
2026-01-06 04:00:00,,,0.748603105545,0.748603105545,0.0,0.748603105545,0.0,0.0,,,0.0,0.0,0.0,0.0,0.00380865326,0.0,1.0,,0.0,0.0
2026-01-06 08:00:00,,,1.442022502422,1.442022502422,0.0,1.442022502422,0.0,0.0,,,0.0,0.0,0.0,0.0,0.007394789056,0.0,2.0,,0.0,0.0
2026-01-06 12:00:00,,,0.73672324419,0.73672324419,0.0,0.73672324419,0.098695094948,0.098695094948,,,1.88854397901,1.88854397901,0.098695094948,0.0,0.003858024691,0.0,1.0,,1.0,1.0
2026-01-06 16:00:00,,,0.0,0.0,0.0,0.0,-0.098695094948,-0.098695094948,,,-0.128036879933,-0.128036879933,-0.098695094948,0.0,0.0,0.0,0.0,,0.0,0.0
2026-01-06 20:00:00,,,0.0,0.0,0.0,0.0,0.0,0.0,,,-0.128036879933,-0.128036879933,0.0,0.0,0.0,0.0,0.0,,0.0,0.0
2026-01-07 00:00:00,0.0,0.0,0.0,0.0,0.0,0.0,0.0,0.0,-0.277709114343,-0.277709114343,-0.128036879933,-0.128036879933,0.0,0.0,0.0,0.0,0.0,0.0,0.0,0.0
2026-01-07 04:00:00,,,0.0,0.0,0.0,0.0,0.0,0.0,,,-0.128036879933,-0.128036879933,0.0,0.0,0.0,0.0,0.0,,0.0,0.0
2026-01-07 08:00:00,,,0.767627239227,0.767627239227,0.0,0.767627239227,0.0,0.0,,,-0.128036879933,-0.128036879933,0.0,0.0,0.004076973255,0.0,1.0,,0.0,0.0
2026-01-07 12:00:00,,,0.0,0.0,0.0,0.0,0.0,0.0,,,-0.128036879933,-0.128036879933,0.0,0.0,0.0,0.0,0.0,,0.0,0.0
2026-01-07 16:00:00,,,0.0,0.0,0.0,0.0,0.0,0.0,,,-0.128036879933,-0.128036879933,0.0,0.0,0.0,0.0,0.0,,0.0,0.0
2026-01-07 20:00:00,,,0.0,0.0,0.0,0.0,0.0,0.0,,,-0.128036879933,-0.128036879933,0.0,0.0,0.0,0.0,0.0,,0.0,0.0
2026-01-08 00:00:00,0.0,0.0,0.743607163429,0.743607163429,0.0,0.743607163429,0.0,0.0,-0.277709114343,-0.277709114343,-0.128036879933,-0.128036879933,0.0,0.0,0.0043767507,0.0,1.0,0.0,0.0,0.0
2026-01-08 04:00:00,,,0.0,0.0,0.0,0.0,0.0,0.0,,,-0.128036879933,-0.128036879933,0.0,0.0,0.0,0.0,0.0,,0.0,0.0
2026-01-08 08:00:00,,,0.0,0.0,0.0,0.0,0.0,0.0,,,-0.128036879933,-0.128036879933,0.0,0.0,0.0,0.0,0.0,,0.0,0.0
2026-01-08 12:00:00,,,0.0,0.0,0.0,0.0,0.0,0.0,,,-0.128036879933,-0.128036879933,0.0,0.0,0.0,0.0,0.0,,0.0,0.0
2026-01-08 16:00:00,,,0.0,0.0,0.0,0.0,0.0,0.0,,,-0.128036879933,-0.128036879933,0.0,0.0,0.0,0.0,0.0,,0.0,0.0
2026-01-08 20:00:00,,,0.0,0.0,0.0,0.0,0.0,0.0,,,-0.128036879933,-0.128036879933,0.0,0.0,0.0,0.0,0.0,,0.0,0.0
2026-01-09 00:00:00,0.0,0.0,0.0,0.0,0.0,0.0,0.0,0.0,-0.277709114343,-0.277709114343,-0.09602765995,-0.09602765995,0.0,0.0,0.0,0.0,0.0,0.0,0.0,0.0
2026-01-09 04:00:00,,,0.0,0.0,0.0,0.0,0.0,0.0,,,0.0,0.0,0.0,0.0,0.0,0.0,0.0,,0.0,0.0
2026-01-09 08:00:00,,,0.0,0.0,0.0,0.0,0.0,0.0,,,0.0,0.0,0.0,0.0,0.0,0.0,0.0,,0.0,0.0
2026-01-09 12:00:00,,,0.0,0.0,0.0,0.0,0.0,0.0,,,0.0,0.0,0.0,0.0,0.0,0.0,0.0,,0.0,0.0
2026-01-09 16:00:00,,,0.0,0.0,0.0,0.0,0.0,0.0,,,0.0,0.0,0.0,0.0,0.0,0.0,0.0,,0.0,0.0
2026-01-09 20:00:00,,,0.0,0.0,0.0,0.0,0.0,0.0,,,0.0,0.0,0.0,0.0,0.0,0.0,0.0,,0.0,0.0
2026-01-10 00:00:00,0.0,0.0,0.0,0.0,0.0,0.0,0.0,0.0,-0.277709114343,-0.277709114343,0.0,0.0,0.0,0.0,0.0,0.0,0.0,0.0,0.0,0.0
2026-01-10 04:00:00,,,0.0,0.0,0.0,0.0,0.0,0.0,,,0.0,0.0,0.0,0.0,0.0,0.0,0.0,,0.0,0.0
2026-01-10 08:00:00,,,0.0,0.0,0.0,0.0,0.0,0.0,,,0.0,0.0,0.0,0.0,0.0,0.0,0.0,,0.0,0.0
2026-01-10 12:00:00,,,0.0,0.0,0.0,0.0,0.0,0.0,,,0.0,0.0,0.0,0.0,0.0,0.0,0.0,,0.0,0.0
2026-01-10 16:00:00,,,0.0,0.0,0.0,0.0,0.0,0.0,,,0.0,0.0,0.0,0.0,0.0,0.0,0.0,,0.0,0.0
2026-01-10 20:00:00,,,0.0,0.0,0.0,0.0,0.0,0.0,,,0.0,0.0,0.0,0.0,0.0,0.0,0.0,,0.0,0.0
2026-01-11 00:00:00,0.0,0.0,0.953079938889,0.953079938889,0.0,0.953079938889,0.0,0.0,-0.277709114343,-0.277709114343,0.0,0.0,0.0,0.0,0.017201300736,0.0,3.0,0.0,0.0,0.0
2026-01-11 04:00:00,,,0.0,0.0,0.0,0.0,0.0,0.0,,,0.0,0.0,0.0,0.0,0.0,0.0,0.0,,0.0,0.0
2026-01-11 08:00:00,,,0.0,0.0,0.0,0.0,0.0,0.0,,,0.0,0.0,0.0,0.0,0.0,0.0,0.0,,0.0,0.0
2026-01-11 12:00:00,,,0.0,0.0,0.0,0.0,0.0,0.0,,,0.0,0.0,0.0,0.0,0.0,0.0,0.0,,0.0,0.0
2026-01-11 16:00:00,,,0.0,0.0,0.0,0.0,0.0,0.0,,,0.0,0.0,0.0,0.0,0.0,0.0,0.0,,0.0,0.0
2026-01-11 20:00:00,,,0.0,0.0,0.0,0.0,0.0,0.0,,,0.0,0.0,0.0,0.0,0.0,0.0,0.0,,0.0,0.0
2026-01-12 00:00:00,0.0,0.0,0.773985564709,0.773985564709,0.0,0.773985564709,0.0,0.0,-0.277709114343,-0.277709114343,0.0,0.0,0.0,0.001471280603,0.012245922008,1.0,2.0,0.0,0.0,0.0
2026-01-12 04:00:00,,,0.0,0.0,0.0,0.0,0.0,0.0,,,0.0,0.0,0.0,0.0,0.0,0.0,0.0,,0.0,0.0
2026-01-12 08:00:00,,,0.0,0.0,0.0,0.0,0.0,0.0,,,0.0,0.0,0.0,0.0,0.0,0.0,0.0,,0.0,0.0
2026-01-12 12:00:00,,,0.0,0.0,0.0,0.0,0.0,0.0,,,0.0,0.0,0.0,0.0,0.0,0.0,0.0,,0.0,0.0
2026-01-12 16:00:00,,,0.0,0.0,0.0,0.0,0.0,0.0,,,0.0,0.0,0.0,0.0,0.0,0.0,0.0,,0.0,0.0
2026-01-12 20:00:00,,,0.0,0.0,0.0,0.0,0.0,0.0,,,0.0,0.0,0.0,0.0,0.0,0.0,0.0,,0.0,0.0
2026-01-13 00:00:00,0.0,0.0,0.0,0.0,0.0,0.0,0.0,0.0,-0.277709114343,-0.277709114343,0.0,0.0,0.0,0.0,0.0,0.0,0.0,0.0,0.0,0.0
2026-01-13 04:00:00,,,0.0,0.0,0.0,0.0,0.0,0.0,,,0.0,0.0,0.0,0.0,0.0,0.0,0.0,,0.0,0.0
2026-01-13 08:00:00,,,0.715848445892,0.715848445892,0.0,0.715848445892,0.0,0.0,,,0.0,0.0,0.0,0.00127420999,0.007984491291,1.0,2.0,,0.0,0.0
2026-01-13 12:00:00,,,0.0,0.0,0.0,0.0,0.0,0.0,,,0.0,0.0,0.0,0.0,0.0,0.0,0.0,,0.0,0.0
2026-01-13 16:00:00,,,0.0,0.0,0.0,0.0,0.0,0.0,,,0.0,0.0,0.0,0.0,0.0,0.0,0.0,,0.0,0.0
2026-01-13 20:00:00,,,0.0,0.0,0.0,0.0,0.0,0.0,,,0.0,0.0,0.0,0.0,0.053418803419,0.0,1.0,,0.0,0.0
2026-01-14 00:00:00,0.0,0.0,0.783287882805,0.783287882805,0.0,0.783287882805,0.061351004968,0.061351004968,2.302312478179,2.302312478179,1.824525539044,1.824525539044,0.061351004968,0.0,0.004489942529,0.0,1.0,1.0,1.0,1.0
2026-01-14 04:00:00,,,0.818873465061,0.818873465061,0.0,0.818873465061,-0.061351004968,-0.061351004968,,,-0.128036879933,-0.128036879933,-0.061351004968,0.0,0.005301102629,0.0,1.0,,0.0,0.0
2026-01-14 08:00:00,,,0.0,0.0,0.0,0.0,0.0,0.0,,,-0.128036879933,-0.128036879933,0.0,0.022879078732,0.004166666667,2.0,1.0,,0.0,0.0
2026-01-14 12:00:00,,,0.0,0.0,0.0,0.0,0.0,0.0,,,-0.128036879933,-0.128036879933,0.0,0.0,0.0,0.0,0.0,,0.0,0.0
2026-01-14 16:00:00,,,0.0,0.0,0.0,0.0,0.0,0.0,,,-0.128036879933,-0.128036879933,0.0,0.0,0.0,0.0,0.0,,0.0,0.0
2026-01-14 20:00:00,,,0.0,0.0,0.0,0.0,0.0,0.0,,,-0.128036879933,-0.128036879933,0.0,0.0,0.0,0.0,0.0,,0.0,0.0
2026-01-15 00:00:00,0.0,0.0,0.0,0.0,0.0,0.0,0.0,0.0,5.169665934313,5.169665934313,-0.128036879933,-0.128036879933,0.0,0.0,0.0,0.0,0.0,3.0,0.0,0.0
2026-01-15 04:00:00,,,0.0,0.0,0.0,0.0,0.0,0.0,,,-0.128036879933,-0.128036879933,0.0,0.0,0.0,0.0,0.0,,0.0,0.0
2026-01-15 08:00:00,,,0.767627239227,0.767627239227,0.0,0.767627239227,0.0,0.0,,,-0.128036879933,-0.128036879933,0.0,0.0,0.00408496732,0.0,1.0,,0.0,0.0
2026-01-15 12:00:00,,,0.749019801617,0.749019801617,0.0,0.749019801617,0.098695094948,0.098695094948,,,1.591259205321,1.591259205321,0.098695094948,0.0,0.01071483864,0.0,3.0,,3.0,3.0
2026-01-15 16:00:00,,,0.0,0.0,0.0,0.0,-0.098695094948,-0.098695094948,,,-0.173984233333,-0.173984233333,-0.098695094948,0.005707762557,0.0,1.0,0.0,,0.0,0.0
2026-01-15 20:00:00,,,0.0,0.0,0.0,0.0,0.0,0.0,,,-0.173984233333,-0.173984233333,0.0,0.0,0.0,0.0,0.0,,0.0,0.0
2026-01-16 00:00:00,0.0,0.0,0.767133295536,0.767133295536,0.0,0.767133295536,0.072020744962,0.072020744962,7.385781561341,7.385781561341,0.615068891202,0.615068891202,0.072020744962,0.0,0.003555176337,0.0,1.0,5.0,1.0,1.0
2026-01-16 04:00:00,,,0.0,0.0,0.0,0.0,-0.072020744962,-0.072020744962,,,-0.213293261284,-0.213293261284,-0.072020744962,0.0,0.00380865326,0.0,1.0,,0.0,0.0
2026-01-16 08:00:00,,,2.292421102524,2.292421102524,0.0,2.292421102524,0.088025354954,0.088025354954,,,1.219523773124,1.219523773124,0.088025354954,0.002440055982,0.023091717438,2.0,6.0,,2.0,2.0
2026-01-16 12:00:00,,,1.516299247742,1.516299247742,0.0,1.516299247742,0.004304650587,0.004304650587,,,1.383619823357,1.383619823357,0.004304650587,0.001193887297,0.02704533196,1.0,2.0,,2.0,2.0
2026-01-16 16:00:00,,,0.0,0.0,0.0,0.0,-0.068068139617,-0.068068139617,,,-0.246296615879,-0.246296615879,-0.068068139617,0.0,0.0,0.0,0.0,,0.0,0.0
2026-01-16 20:00:00,,,0.0,0.0,0.0,0.0,0.0,0.0,,,-0.246296615879,-0.246296615879,0.0,0.0,0.0,0.0,0.0,,0.0,0.0
2026-01-17 00:00:00,0.0,0.0,0.0,0.0,0.0,0.0,0.0,0.0,-0.212087656452,-0.212087656452,-0.246296615879,-0.246296615879,0.0,0.0,0.0,0.0,0.0,0.0,0.0,0.0
2026-01-17 04:00:00,,,0.0,0.0,0.0,0.0,0.0,0.0,,,-0.246296615879,-0.246296615879,0.0,0.0,0.0,0.0,0.0,,0.0,0.0
2026-01-17 08:00:00,,,0.0,0.0,0.0,0.0,0.0,0.0,,,-0.246296615879,-0.246296615879,0.0,0.0,0.0,0.0,0.0,,0.0,0.0
2026-01-17 12:00:00,,,0.0,0.0,0.0,0.0,0.0,0.0,,,-0.246296615879,-0.246296615879,0.0,0.0,0.0,0.0,0.0,,0.0,0.0
2026-01-17 16:00:00,,,0.0,0.0,0.0,0.0,0.0,0.0,,,-0.246296615879,-0.246296615879,0.0,0.0,0.0,0.0,0.0,,0.0,0.0
2026-01-17 20:00:00,,,0.0,0.0,0.0,0.0,0.0,0.0,,,-0.246296615879,-0.246296615879,0.0,0.0,0.0,0.0,0.0,,0.0,0.0
2026-01-18 00:00:00,0.0,0.0,0.0,0.0,0.0,0.0,0.0,0.0,-0.212087656452,-0.212087656452,-0.237083371484,-0.237083371484,0.0,0.0,0.0,0.0,0.0,0.0,0.0,0.0
2026-01-18 04:00:00,,,0.0,0.0,0.0,0.0,0.0,0.0,,,-0.209443638298,-0.209443638298,0.0,0.0,0.0,0.0,0.0,,0.0,0.0
2026-01-18 08:00:00,,,0.0,0.0,0.0,0.0,0.0,0.0,,,-0.209443638298,-0.209443638298,0.0,0.0,0.0,0.0,0.0,,0.0,0.0
2026-01-18 12:00:00,,,0.0,0.0,0.0,0.0,0.0,0.0,,,-0.196469117024,-0.196469117024,0.0,0.0,0.0,0.0,0.0,,0.0,0.0
2026-01-18 16:00:00,,,0.0,0.0,0.0,0.0,0.0,0.0,,,-0.18349459575,-0.18349459575,0.0,0.0,0.0,0.0,0.0,,0.0,0.0
2026-01-18 20:00:00,,,0.0,0.0,0.0,0.0,0.0,0.0,,,-0.149056961507,-0.149056961507,0.0,0.0,0.0,0.0,0.0,,0.0,0.0
2026-01-19 00:00:00,0.0,0.0,1.549798548222,1.549798548222,0.0,1.549798548222,0.0,0.0,0.29605464964,0.29605464964,-0.032009219983,-0.032009219983,0.0,0.0,0.008372892948,0.0,2.0,1.0,0.0,0.0
2026-01-19 04:00:00,,,-0.796856582165,-0.796856582165,0.796856582165,0.0,0.0,0.0,,,0.0,0.0,0.0,0.0,0.003843788438,0.0,1.0,,0.0,0.0
2026-01-19 08:00:00,,,0.0,0.0,0.0,0.0,0.0,0.0,,,0.0,0.0,0.0,0.0,0.0,0.0,0.0,,0.0,0.0
2026-01-19 12:00:00,,,0.803044557571,0.803044557571,0.0,0.803044557571,0.048013829975,0.048013829975,,,1.824525539044,1.824525539044,0.048013829975,0.001159985152,0.003585771658,1.0,1.0,,1.0,1.0
2026-01-19 16:00:00,,,0.0,0.0,0.0,0.0,-0.048013829975,-0.048013829975,,,-0.128036879933,-0.128036879933,-0.048013829975,0.0,0.0,0.0,0.0,,0.0,0.0
2026-01-19 20:00:00,,,0.0,0.0,0.0,0.0,0.0,0.0,,,-0.128036879933,-0.128036879933,0.0,0.0,0.0,0.0,0.0,,0.0,0.0
2026-01-20 00:00:00,0.0,0.0,0.0,0.0,0.0,0.0,0.0,0.0,1.344419558196,1.344419558196,-0.128036879933,-0.128036879933,0.0,0.0,0.005630630631,0.0,1.0,2.0,1.0,1.0
2026-01-20 04:00:00,,,0.0,0.0,0.0,0.0,0.0,0.0,,,-0.128036879933,-0.128036879933,0.0,0.0,0.0,0.0,0.0,,0.0,0.0
2026-01-20 08:00:00,,,1.652510285378,1.652510285378,0.0,1.652510285378,0.0,0.0,,,-0.128036879933,-0.128036879933,0.0,0.0,0.021619749142,0.0,4.0,,0.0,0.0
2026-01-20 12:00:00,,,0.775202155113,0.775202155113,0.0,0.775202155113,0.034676654982,0.034676654982,,,1.184968951416,1.184968951416,0.034676654982,0.001878569282,0.00513136289,1.0,1.0,,1.0,1.0
2026-01-20 16:00:00,,,0.0,0.0,0.0,0.0,-0.034676654982,-0.034676654982,,,-0.182570178481,-0.182570178481,-0.034676654982,0.00201873385,0.0,1.0,0.0,,0.0,0.0
2026-01-20 20:00:00,,,0.0,0.0,0.0,0.0,0.0,0.0,,,-0.182570178481,-0.182570178481,0.0,0.0,0.0,0.0,0.0,,0.0,0.0
2026-01-21 00:00:00,0.0,0.0,0.762759923935,0.762759923935,0.0,0.762759923935,0.109364834943,0.109364834943,0.734103214554,0.734103214554,0.916448755806,0.916448755806,0.109364834943,0.0,0.013572204126,0.0,2.0,2.0,1.0,1.0
2026-01-21 04:00:00,,,0.0,0.0,0.0,0.0,-0.109364834943,-0.109364834943,,,-0.225502302142,-0.225502302142,-0.109364834943,0.0,0.006853070175,0.0,1.0,,0.0,0.0
2026-01-21 08:00:00,,,0.761260509491,0.761260509491,0.0,0.761260509491,0.034676654982,0.034676654982,,,0.720260717647,0.720260717647,0.034676654982,0.009712509713,0.018439440994,2.0,2.0,,1.0,1.0
2026-01-21 12:00:00,,,0.0,0.0,0.0,0.0,-0.034676654982,-0.034676654982,,,-0.262660493348,-0.262660493348,-0.034676654982,0.0,0.006572029443,0.0,1.0,,0.0,0.0
2026-01-21 16:00:00,,,0.0,0.0,0.0,0.0,0.0,0.0,,,-0.262660493348,-0.262660493348,0.0,0.0,0.0,0.0,0.0,,0.0,0.0
2026-01-21 20:00:00,,,0.0,0.0,0.0,0.0,0.0,0.0,,,-0.262660493348,-0.262660493348,0.0,0.0,0.005819366853,0.0,1.0,,0.0,0.0
2026-01-22 00:00:00,0.0,0.0,0.0,0.0,0.0,0.0,0.0,0.0,-0.258472276222,-0.258472276222,-0.234827360557,-0.234827360557,0.0,0.0,0.0,0.0,0.0,0.0,0.0,0.0
2026-01-22 04:00:00,,,0.872429251671,0.872429251671,0.0,0.872429251671,0.0,0.0,,,-0.225549649627,-0.225549649627,0.0,0.0,0.00605620155,0.0,1.0,,0.0,0.0
2026-01-22 08:00:00,,,0.0,0.0,0.0,0.0,0.0,0.0,,,-0.225549649627,-0.225549649627,0.0,0.0,0.0,0.0,0.0,,0.0,0.0
2026-01-22 12:00:00,,,0.0,0.0,0.0,0.0,0.0,0.0,,,-0.225549649627,-0.225549649627,0.0,0.0,0.00641025641,0.0,1.0,,0.0,0.0
2026-01-22 16:00:00,,,0.0,0.0,0.0,0.0,0.0,0.0,,,-0.225549649627,-0.225549649627,0.0,0.0,0.0,0.0,0.0,,0.0,0.0
2026-01-22 20:00:00,,,0.0,0.0,0.0,0.0,0.0,0.0,,,-0.225549649627,-0.225549649627,0.0,0.0,0.0,0.0,0.0,,0.0,0.0
2026-01-23 00:00:00,0.0,0.0,-0.732571184635,-0.732571184635,0.732571184635,0.0,0.0,0.0,-0.258472276222,-0.258472276222,-0.193337005362,-0.193337005362,0.0,0.0,0.004671150972,0.0,1.0,0.0,0.0,0.0
2026-01-23 04:00:00,,,0.0,0.0,0.0,0.0,0.0,0.0,,,-0.182599457274,-0.182599457274,0.0,0.0,0.0,0.0,0.0,,0.0,0.0
2026-01-23 08:00:00,,,0.750154554844,0.750154554844,0.0,0.750154554844,0.0,0.0,,,-0.182599457274,-0.182599457274,0.0,0.0,0.003938248267,0.0,1.0,,0.0,0.0
2026-01-23 12:00:00,,,0.0,0.0,0.0,0.0,0.0,0.0,,,-0.168958812939,-0.168958812939,0.0,0.0,0.0,0.0,0.0,,0.0,0.0
2026-01-23 16:00:00,,,0.0,0.0,0.0,0.0,0.0,0.0,,,-0.128036879933,-0.128036879933,0.0,0.0,0.0,0.0,0.0,,0.0,0.0
2026-01-23 20:00:00,,,0.0,0.0,0.0,0.0,0.0,0.0,,,-0.032009219983,-0.032009219983,0.0,0.0,0.0,0.0,0.0,,0.0,0.0
2026-01-24 00:00:00,0.0,0.0,0.0,0.0,0.0,0.0,0.0,0.0,-0.258472276222,-0.258472276222,0.0,0.0,0.0,0.0,0.0,0.0,0.0,0.0,0.0,0.0
2026-01-24 04:00:00,,,0.0,0.0,0.0,0.0,0.0,0.0,,,0.0,0.0,0.0,0.0,0.0,0.0,0.0,,0.0,0.0
2026-01-24 08:00:00,,,0.0,0.0,0.0,0.0,0.0,0.0,,,0.0,0.0,0.0,0.0,0.0,0.0,0.0,,0.0,0.0
2026-01-24 12:00:00,,,0.0,0.0,0.0,0.0,0.0,0.0,,,0.0,0.0,0.0,0.0,0.0,0.0,0.0,,0.0,0.0
2026-01-24 16:00:00,,,0.0,0.0,0.0,0.0,0.0,0.0,,,0.0,0.0,0.0,0.0,0.0,0.0,0.0,,0.0,0.0
2026-01-24 20:00:00,,,0.0,0.0,0.0,0.0,0.0,0.0,,,0.0,0.0,0.0,0.0,0.0,0.0,0.0,,0.0,0.0
2026-01-25 00:00:00,0.0,0.0,0.0,0.0,0.0,0.0,0.0,0.0,-0.258472276222,-0.258472276222,0.0,0.0,0.0,0.0,0.0,0.0,0.0,0.0,0.0,0.0
2026-01-25 04:00:00,,,0.0,0.0,0.0,0.0,0.0,0.0,,,0.0,0.0,0.0,0.0,0.0,0.0,0.0,,0.0,0.0
2026-01-25 08:00:00,,,0.0,0.0,0.0,0.0,0.0,0.0,,,0.0,0.0,0.0,0.0,0.0,0.0,0.0,,0.0,0.0
2026-01-25 12:00:00,,,0.0,0.0,0.0,0.0,0.0,0.0,,,0.0,0.0,0.0,0.0,0.0,0.0,0.0,,0.0,0.0
2026-01-25 16:00:00,,,0.0,0.0,0.0,0.0,0.0,0.0,,,0.0,0.0,0.0,0.0,0.0,0.0,0.0,,0.0,0.0
2026-01-25 20:00:00,,,0.0,0.0,0.0,0.0,0.0,0.0,,,0.0,0.0,0.0,0.0,0.0,0.0,0.0,,0.0,0.0
2026-01-26 00:00:00,0.0,0.0,0.769853055477,0.769853055477,0.0,0.769853055477,0.0,0.0,6.358779323549,6.358779323549,0.0,0.0,0.0,0.0,0.004756468798,0.0,1.0,8.0,0.0,0.0
2026-01-26 04:00:00,,,0.759906411171,0.759906411171,0.0,0.759906411171,0.128036879933,0.128036879933,,,1.88854397901,1.88854397901,0.128036879933,0.0,0.014825298306,1.0,2.0,,2.0,2.0
2026-01-26 08:00:00,,,2.233080744743,2.233080744743,0.0,2.233080744743,0.026041873053,0.026041873053,,,1.598592918439,1.598592918439,0.026041873053,0.008886692817,0.025627438229,3.0,4.0,,3.0,3.0
2026-01-26 12:00:00,,,0.757904529572,0.757904529572,0.0,0.757904529572,-0.099179431071,-0.099179431071,,,0.591674976732,0.591674976732,-0.099179431071,0.01122311202,0.037707021036,6.0,6.0,,5.0,5.0
2026-01-26 16:00:00,,,0.0,0.0,0.0,0.0,-0.034676654982,-0.034676654982,,,-0.211782538114,-0.211782538114,-0.034676654982,0.00168964585,0.0,1.0,0.0,,0.0,0.0
2026-01-26 20:00:00,,,0.0,0.0,0.0,0.0,0.0,0.0,,,-0.211782538114,-0.211782538114,0.0,0.0,0.004558716265,1.0,1.0,,0.0,0.0
2026-01-27 00:00:00,0.0,0.0,1.668805003166,1.668805003166,0.0,1.668805003166,0.0,0.0,-0.251153996736,-0.251153996736,-0.211782538114,-0.211782538114,0.0,0.001808449074,0.015607163242,1.0,3.0,0.0,0.0,0.0
2026-01-27 04:00:00,,,0.0,0.0,0.0,0.0,0.0,0.0,,,-0.211782538114,-0.211782538114,0.0,0.00311163459,0.0,2.0,0.0,,0.0,0.0
2026-01-27 08:00:00,,,0.0,0.0,0.0,0.0,0.0,0.0,,,-0.211782538114,-0.211782538114,0.0,0.0,0.0,0.0,0.0,,0.0,0.0
2026-01-27 12:00:00,,,0.0,0.0,0.0,0.0,0.0,0.0,,,-0.211782538114,-0.211782538114,0.0,0.001249000799,0.0,1.0,0.0,,0.0,0.0
2026-01-27 16:00:00,,,0.849676668644,0.849676668644,0.0,0.849676668644,0.0,0.0,,,-0.211782538114,-0.211782538114,0.0,0.0,0.007659313725,0.0,1.0,,0.0,0.0
2026-01-27 20:00:00,,,0.0,0.0,0.0,0.0,0.0,0.0,,,-0.211782538114,-0.211782538114,0.0,0.0,0.0,0.0,0.0,,0.0,0.0
2026-01-28 00:00:00,0.0,0.0,0.0,0.0,0.0,0.0,0.0,0.0,-0.118820072528,-0.118820072528,-0.211782538114,-0.211782538114,0.0,0.0,0.00598345051,0.0,2.0,1.0,1.0,1.0
2026-01-28 04:00:00,,,0.0,0.0,0.0,0.0,0.0,0.0,,,-0.211782538114,-0.211782538114,0.0,0.0,0.0,0.0,0.0,,0.0,0.0
2026-01-28 08:00:00,,,0.0,0.0,0.0,0.0,0.0,0.0,,,-0.211782538114,-0.211782538114,0.0,0.0,0.0,0.0,0.0,,0.0,0.0
2026-01-28 12:00:00,,,0.736447989941,0.736447989941,0.0,0.736447989941,0.0,0.0,,,-0.211782538114,-0.211782538114,0.0,0.0,0.003123438281,0.0,1.0,,0.0,0.0
2026-01-28 16:00:00,,,0.0,0.0,0.0,0.0,0.0,0.0,,,-0.202020306796,-0.202020306796,0.0,0.0,0.0,0.0,0.0,,0.0,0.0
2026-01-28 20:00:00,,,0.0,0.0,0.0,0.0,0.0,0.0,,,-0.150385246387,-0.150385246387,0.0,0.0,0.0,0.0,0.0,,0.0,0.0
2026-01-29 00:00:00,0.0,0.0,0.0,0.0,0.0,0.0,0.0,0.0,-0.117739771106,-0.117739771106,-0.032009219983,-0.032009219983,0.0,0.0,0.0,0.0,0.0,1.0,0.0,0.0
2026-01-29 04:00:00,,,0.0,0.0,0.0,0.0,0.0,0.0,,,0.0,0.0,0.0,0.0,0.0,0.0,0.0,,0.0,0.0
2026-01-29 08:00:00,,,0.755008935928,0.755008935928,0.0,0.755008935928,0.098695094948,0.098695094948,,,1.88854397901,1.88854397901,0.098695094948,0.0,0.007737567765,0.0,2.0,,1.0,1.0
2026-01-29 12:00:00,,,0.0,0.0,0.0,0.0,-0.098695094948,-0.098695094948,,,-0.128036879933,-0.128036879933,-0.098695094948,0.0,0.0,0.0,0.0,,0.0,0.0
2026-01-29 16:00:00,,,0.0,0.0,0.0,0.0,0.0,0.0,,,-0.128036879933,-0.128036879933,0.0,0.0,0.003195296524,0.0,1.0,,0.0,0.0
2026-01-29 20:00:00,,,0.0,0.0,0.0,0.0,0.0,0.0,,,-0.128036879933,-0.128036879933,0.0,0.0,0.0,0.0,0.0,,0.0,0.0
2026-01-30 00:00:00,0.0,0.0,0.0,0.0,0.0,0.0,0.0,0.0,0.369215872853,0.369215872853,-0.128036879933,-0.128036879933,0.0,0.0,0.003740275284,0.0,1.0,2.0,0.0,0.0
2026-01-30 04:00:00,,,0.860266983509,0.860266983509,0.0,0.860266983509,0.034676654982,0.034676654982,,,1.297606104921,1.297606104921,0.034676654982,0.0,0.0035430839,0.0,1.0,,1.0,1.0
2026-01-30 08:00:00,,,0.877473533154,0.877473533154,0.0,0.877473533154,0.104029964945,0.104029964945,,,1.015220952281,1.015220952281,0.104029964945,0.001791344225,0.003114100648,2.0,1.0,,1.0,1.0
2026-01-30 12:00:00,,,0.0,0.0,0.0,0.0,-0.128036879933,-0.128036879933,,,-0.225055794105,-0.225055794105,-0.128036879933,0.0,0.0,0.0,0.0,,0.0,0.0
2026-01-30 16:00:00,,,0.0,0.0,0.0,0.0,-0.010669739994,-0.010669739994,,,-0.225055794105,-0.225055794105,-0.010669739994,0.000793348566,0.0,1.0,0.0,,0.0,0.0
2026-01-30 20:00:00,,,0.0,0.0,0.0,0.0,0.0,0.0,,,-0.225055794105,-0.225055794105,0.0,0.0,0.0,0.0,0.0,,0.0,0.0
2026-01-31 00:00:00,0.0,0.0,0.0,0.0,0.0,0.0,0.0,0.0,-0.266098930197,-0.266098930197,-0.225055794105,-0.225055794105,0.0,0.0,0.0,0.0,0.0,2.0,0.0,0.0
2026-01-31 04:00:00,,,0.0,0.0,0.0,0.0,0.0,0.0,,,-0.225055794105,-0.225055794105,0.0,0.0,0.0,0.0,0.0,,0.0,0.0
2026-01-31 08:00:00,,,0.0,0.0,0.0,0.0,0.0,0.0,,,-0.225055794105,-0.225055794105,0.0,0.0,0.0,0.0,0.0,,0.0,0.0
2026-01-31 12:00:00,,,0.0,0.0,0.0,0.0,0.0,0.0,,,-0.225055794105,-0.225055794105,0.0,0.0,0.008779994359,0.0,2.0,,2.0,2.0
2026-01-31 16:00:00,,,0.0,0.0,0.0,0.0,0.0,0.0,,,-0.225055794105,-0.225055794105,0.0,0.0,0.0,0.0,0.0,,0.0,0.0
2026-01-31 20:00:00,,,0.0,0.0,0.0,0.0,0.0,0.0,,,-0.214439419225,-0.214439419225,0.0,0.0,0.0,0.0,0.0,,0.0,0.0
2026-02-01 00:00:00,0.0,0.0,0.0,0.0,0.0,0.0,0.0,0.0,-0.266098930197,-0.266098930197,-0.182590294586,-0.182590294586,0.0,0.0,0.0,0.0,0.0,0.0,0.0,0.0
2026-02-01 04:00:00,,,0.0,0.0,0.0,0.0,0.0,0.0,,,-0.182590294586,-0.182590294586,0.0,0.0,0.0,0.0,0.0,,0.0,0.0
2026-02-01 08:00:00,,,0.0,0.0,0.0,0.0,0.0,0.0,,,-0.182590294586,-0.182590294586,0.0,0.0,0.0,0.0,0.0,,0.0,0.0
2026-02-01 12:00:00,,,0.0,0.0,0.0,0.0,0.0,0.0,,,-0.182590294586,-0.182590294586,0.0,0.0,0.0,0.0,0.0,,0.0,0.0
2026-02-01 16:00:00,,,0.0,0.0,0.0,0.0,0.0,0.0,,,-0.141675233596,-0.141675233596,0.0,0.0,0.0,0.0,0.0,,0.0,0.0
2026-02-01 20:00:00,,,0.0,0.0,0.0,0.0,0.0,0.0,,,-0.128036879933,-0.128036879933,0.0,0.000974886913,0.0,1.0,0.0,,0.0,0.0
2026-02-02 00:00:00,0.0,0.0,0.768336236477,0.768336236477,0.0,0.768336236477,0.0,0.0,-0.263333313306,-0.263333313306,0.0,0.0,0.0,0.003561253561,0.011770244821,1.0,1.0,0.0,0.0,0.0
2026-02-02 04:00:00,,,0.0,0.0,0.0,0.0,0.0,0.0,,,0.0,0.0,0.0,0.0,0.0,0.0,0.0,,0.0,0.0
2026-02-02 08:00:00,,,0.764039158821,0.764039158821,0.0,0.764039158821,0.0,0.0,,,0.0,0.0,0.0,0.001640419948,0.005008012821,1.0,1.0,,0.0,0.0
2026-02-02 12:00:00,,,0.0,0.0,0.0,0.0,0.0,0.0,,,0.0,0.0,0.0,0.0,0.0,0.0,0.0,,0.0,0.0
2026-02-02 16:00:00,,,0.0,0.0,0.0,0.0,0.0,0.0,,,0.0,0.0,0.0,0.0,0.0,0.0,0.0,,0.0,0.0
2026-02-02 20:00:00,,,0.845618128777,0.845618128777,0.0,0.845618128777,0.0,0.0,,,0.0,0.0,0.0,0.0,0.00380865326,0.0,1.0,,0.0,0.0
2026-02-03 00:00:00,0.0,0.0,0.0,0.0,0.0,0.0,0.0,0.0,-0.263333313306,-0.263333313306,0.0,0.0,0.0,0.0,0.0,0.0,0.0,0.0,0.0,0.0
2026-02-03 04:00:00,,,0.0,0.0,0.0,0.0,0.0,0.0,,,0.0,0.0,0.0,0.0,0.0,0.0,0.0,,0.0,0.0
2026-02-03 08:00:00,,,0.0,0.0,0.0,0.0,0.0,0.0,,,0.0,0.0,0.0,0.0,0.003713606655,0.0,1.0,,0.0,0.0
2026-02-03 12:00:00,,,0.0,0.0,0.0,0.0,0.0,0.0,,,0.0,0.0,0.0,0.0,0.004014129737,0.0,1.0,,0.0,0.0
2026-02-03 16:00:00,,,0.0,0.0,0.0,0.0,0.0,0.0,,,0.0,0.0,0.0,0.0,0.0,0.0,0.0,,0.0,0.0
2026-02-03 20:00:00,,,0.0,0.0,0.0,0.0,0.0,0.0,,,0.0,0.0,0.0,0.0,0.0,0.0,0.0,,0.0,0.0
2026-02-04 00:00:00,0.0,0.0,0.0,0.0,0.0,0.0,0.0,0.0,-0.263333313306,-0.263333313306,0.0,0.0,0.0,0.0,0.0,0.0,0.0,0.0,0.0,0.0
2026-02-04 04:00:00,,,0.81361413002,0.81361413002,0.0,0.81361413002,0.0,0.0,,,0.0,0.0,0.0,0.0,0.002730449978,0.0,1.0,,0.0,0.0
2026-02-04 08:00:00,,,-0.788616776466,-0.788616776466,0.788616776466,0.0,0.0,0.0,,,0.0,0.0,0.0,0.0,0.004200268817,0.0,1.0,,0.0,0.0
2026-02-04 12:00:00,,,0.0,0.0,0.0,0.0,0.0,0.0,,,0.0,0.0,0.0,0.0,0.0,0.0,0.0,,0.0,0.0
2026-02-04 16:00:00,,,0.78156131506,0.78156131506,0.0,0.78156131506,0.0,0.0,,,0.0,0.0,0.0,0.0,0.002889505317,0.0,1.0,,0.0,0.0
2026-02-04 20:00:00,,,0.0,0.0,0.0,0.0,0.0,0.0,,,0.0,0.0,0.0,0.0,0.0,0.0,0.0,,0.0,0.0
2026-02-05 00:00:00,0.0,0.0,0.0,0.0,0.0,0.0,0.0,0.0,0.328584846153,0.328584846153,0.0,0.0,0.0,0.0,0.003142282554,0.0,1.0,2.0,1.0,1.0
2026-02-05 04:00:00,,,0.769357085228,0.769357085228,0.0,0.769357085228,0.0,0.0,,,0.0,0.0,0.0,0.003648569761,0.008865248227,1.0,1.0,,0.0,0.0
2026-02-05 08:00:00,,,0.877779781818,0.877779781818,0.0,0.877779781818,0.104029964945,0.104029964945,,,1.88854397901,1.88854397901,0.104029964945,0.003338675214,0.002838328792,2.0,1.0,,1.0,1.0
2026-02-05 12:00:00,,,0.0,0.0,0.0,0.0,-0.104029964945,-0.104029964945,,,-0.128036879933,-0.128036879933,-0.104029964945,0.001066189014,0.0,1.0,0.0,,0.0,0.0
2026-02-05 16:00:00,,,0.0,0.0,0.0,0.0,0.0,0.0,,,-0.128036879933,-0.128036879933,0.0,0.0,0.0,0.0,0.0,,0.0,0.0
2026-02-05 20:00:00,,,0.0,0.0,0.0,0.0,0.0,0.0,,,-0.128036879933,-0.128036879933,0.0,0.0,0.0,0.0,0.0,,0.0,0.0
2026-02-06 00:00:00,0.0,0.0,0.0,0.0,0.0,0.0,0.0,0.0,-0.273110892481,-0.273110892481,-0.128036879933,-0.128036879933,0.0,0.0,0.0,0.0,0.0,0.0,0.0,0.0
2026-02-06 04:00:00,,,0.0,0.0,0.0,0.0,0.0,0.0,,,-0.128036879933,-0.128036879933,0.0,0.0,0.0,0.0,0.0,,0.0,0.0
2026-02-06 08:00:00,,,0.0,0.0,0.0,0.0,0.0,0.0,,,-0.128036879933,-0.128036879933,0.0,0.0,0.0,0.0,0.0,,0.0,0.0
2026-02-06 12:00:00,,,0.0,0.0,0.0,0.0,0.0,0.0,,,-0.128036879933,-0.128036879933,0.0,0.0,0.0,0.0,0.0,,0.0,0.0
2026-02-06 16:00:00,,,0.0,0.0,0.0,0.0,0.0,0.0,,,-0.128036879933,-0.128036879933,0.0,0.0,0.0,0.0,0.0,,0.0,0.0
2026-02-06 20:00:00,,,0.89458990097,0.89458990097,0.0,0.89458990097,0.0,0.0,,,-0.128036879933,-0.128036879933,0.0,0.0,0.003010597303,0.0,1.0,,0.0,0.0
2026-02-07 00:00:00,0.0,0.0,0.0,0.0,0.0,0.0,0.0,0.0,-0.273110892481,-0.273110892481,-0.128036879933,-0.128036879933,0.0,0.0,0.0,0.0,0.0,0.0,0.0,0.0
2026-02-07 04:00:00,,,0.0,0.0,0.0,0.0,0.0,0.0,,,-0.128036879933,-0.128036879933,0.0,0.0,0.0,0.0,0.0,,0.0,0.0
2026-02-07 08:00:00,,,0.0,0.0,0.0,0.0,0.0,0.0,,,-0.128036879933,-0.128036879933,0.0,0.0,0.0,0.0,0.0,,0.0,0.0
2026-02-07 12:00:00,,,0.0,0.0,0.0,0.0,0.0,0.0,,,-0.128036879933,-0.128036879933,0.0,0.0,0.0,0.0,0.0,,0.0,0.0
2026-02-07 16:00:00,,,0.0,0.0,0.0,0.0,0.0,0.0,,,-0.128036879933,-0.128036879933,0.0,0.0,0.0,0.0,0.0,,0.0,0.0
2026-02-07 20:00:00,,,0.0,0.0,0.0,0.0,0.0,0.0,,,-0.09602765995,-0.09602765995,0.0,0.0,0.0,0.0,0.0,,0.0,0.0
2026-02-08 00:00:00,0.0,0.0,0.0,0.0,0.0,0.0,0.0,0.0,-0.273110892481,-0.273110892481,0.0,0.0,0.0,0.0,0.0,0.0,0.0,0.0,0.0,0.0
2026-02-08 04:00:00,,,0.0,0.0,0.0,0.0,0.0,0.0,,,0.0,0.0,0.0,0.0,0.0,0.0,0.0,,0.0,0.0
2026-02-08 08:00:00,,,0.0,0.0,0.0,0.0,0.0,0.0,,,0.0,0.0,0.0,0.0,0.0,0.0,0.0,,0.0,0.0
2026-02-08 12:00:00,,,0.0,0.0,0.0,0.0,0.0,0.0,,,0.0,0.0,0.0,0.0,0.0,0.0,0.0,,0.0,0.0
2026-02-08 16:00:00,,,0.0,0.0,0.0,0.0,0.0,0.0,,,0.0,0.0,0.0,0.0,0.0,0.0,0.0,,0.0,0.0
2026-02-08 20:00:00,,,0.0,0.0,0.0,0.0,0.0,0.0,,,0.0,0.0,0.0,0.0,0.0,0.0,0.0,,0.0,0.0
2026-02-09 00:00:00,0.0,0.0,-1.712088108063,-1.712088108063,1.712088108063,0.0,0.0,0.0,-0.273110892481,-0.273110892481,0.0,0.0,0.0,0.0,0.042271665906,0.0,4.0,0.0,0.0,0.0
2026-02-09 04:00:00,,,0.0,0.0,0.0,0.0,0.0,0.0,,,0.0,0.0,0.0,0.0,0.0,0.0,0.0,,0.0,0.0
2026-02-09 08:00:00,,,0.0,0.0,0.0,0.0,0.0,0.0,,,0.0,0.0,0.0,0.0,0.0,0.0,0.0,,0.0,0.0
2026-02-09 12:00:00,,,0.0,0.0,0.0,0.0,0.0,0.0,,,0.0,0.0,0.0,0.0,0.0,0.0,0.0,,0.0,0.0
2026-02-09 16:00:00,,,0.0,0.0,0.0,0.0,0.0,0.0,,,0.0,0.0,0.0,0.0,0.0,0.0,0.0,,0.0,0.0
2026-02-09 20:00:00,,,0.0,0.0,0.0,0.0,0.0,0.0,,,0.0,0.0,0.0,0.0,0.0,0.0,0.0,,0.0,0.0
2026-02-10 00:00:00,0.0,0.0,0.0,0.0,0.0,0.0,0.0,0.0,-0.404885330318,-0.404885330318,0.0,0.0,0.0,0.0,0.0,0.0,0.0,1.0,0.0,0.0
2026-02-10 04:00:00,,,0.0,0.0,0.0,0.0,0.0,0.0,,,0.0,0.0,0.0,0.0,0.002254689755,0.0,1.0,,0.0,0.0
2026-02-10 08:00:00,,,0.0,0.0,0.0,0.0,0.0,0.0,,,0.0,0.0,0.0,0.0,0.0,0.0,0.0,,0.0,0.0
2026-02-10 12:00:00,,,0.0,0.0,0.0,0.0,0.0,0.0,,,0.0,0.0,0.0,0.0,0.0,0.0,0.0,,0.0,0.0
2026-02-10 16:00:00,,,-0.735197126865,-0.735197126865,0.735197126865,0.0,-0.098695094948,-0.098695094948,,,-1.88854397901,-1.88854397901,-0.098695094948,0.0,0.002213956784,0.0,1.0,,1.0,1.0
2026-02-10 20:00:00,,,0.0,0.0,0.0,0.0,0.098695094948,0.098695094948,,,0.128036879933,0.128036879933,0.098695094948,0.0,0.0,0.0,0.0,,0.0,0.0
2026-02-11 00:00:00,0.0,0.0,0.0,0.0,0.0,0.0,0.0,0.0,-0.270704134788,-0.270704134788,0.128036879933,0.128036879933,0.0,0.0,0.0,0.0,0.0,0.0,0.0,0.0
2026-02-11 04:00:00,,,0.0,0.0,0.0,0.0,0.0,0.0,,,0.128036879933,0.128036879933,0.0,0.0,0.0,0.0,0.0,,0.0,0.0
2026-02-11 08:00:00,,,0.0,0.0,0.0,0.0,0.0,0.0,,,0.128036879933,0.128036879933,0.0,0.0,0.0,0.0,0.0,,0.0,0.0
2026-02-11 12:00:00,,,0.0,0.0,0.0,0.0,0.0,0.0,,,0.128036879933,0.128036879933,0.0,0.0,0.0,0.0,0.0,,0.0,0.0
2026-02-11 16:00:00,,,0.0,0.0,0.0,0.0,0.0,0.0,,,0.128036879933,0.128036879933,0.0,0.0,0.0,0.0,0.0,,0.0,0.0
2026-02-11 20:00:00,,,0.0,0.0,0.0,0.0,0.0,0.0,,,0.128036879933,0.128036879933,0.0,0.0,0.0,0.0,0.0,,0.0,0.0
2026-02-12 00:00:00,0.0,0.0,0.0,0.0,0.0,0.0,0.0,0.0,-0.270704134788,-0.270704134788,0.128036879933,0.128036879933,0.0,0.0,0.0,0.0,0.0,0.0,0.0,0.0
2026-02-12 04:00:00,,,0.0,0.0,0.0,0.0,0.0,0.0,,,0.128036879933,0.128036879933,0.0,0.0,0.0,0.0,0.0,,0.0,0.0
2026-02-12 08:00:00,,,0.0,0.0,0.0,0.0,0.0,0.0,,,0.128036879933,0.128036879933,0.0,0.001266464032,0.0,2.0,0.0,,0.0,0.0
2026-02-12 12:00:00,,,0.0,0.0,0.0,0.0,0.0,0.0,,,0.128036879933,0.128036879933,0.0,0.0,0.0,0.0,0.0,,0.0,0.0
2026-02-12 16:00:00,,,0.734954953194,0.734954953194,0.0,0.734954953194,0.0,0.0,,,0.128036879933,0.128036879933,0.0,0.000684406483,0.002670940171,1.0,1.0,,0.0,0.0
2026-02-12 20:00:00,,,-0.86058229208,-0.86058229208,0.86058229208,0.0,0.0,0.0,,,0.128036879933,0.128036879933,0.0,0.0,0.002681252681,0.0,1.0,,0.0,0.0
2026-02-13 00:00:00,0.0,0.0,0.781569063663,0.781569063663,0.0,0.781569063663,0.0,0.0,0.284022754252,0.284022754252,0.128036879933,0.128036879933,0.0,0.00064699793,0.005307855626,1.0,2.0,2.0,0.0,0.0
2026-02-13 04:00:00,,,0.0,0.0,0.0,0.0,0.0,0.0,,,0.09602765995,0.09602765995,0.0,0.002164940765,0.005803156917,2.0,1.0,,1.0,1.0
2026-02-13 08:00:00,,,0.763521313667,0.763521313667,0.0,0.763521313667,0.101362529947,0.101362529947,,,1.88854397901,1.88854397901,0.101362529947,0.0,0.009383774548,0.0,2.0,,1.0,1.0
2026-02-13 12:00:00,,,0.0,0.0,0.0,0.0,-0.101362529947,-0.101362529947,,,-0.128036879933,-0.128036879933,-0.101362529947,0.0,0.0,0.0,0.0,,0.0,0.0
2026-02-13 16:00:00,,,0.0,0.0,0.0,0.0,0.0,0.0,,,-0.128036879933,-0.128036879933,0.0,0.000645994832,0.0,1.0,0.0,,0.0,0.0
2026-02-13 20:00:00,,,0.0,0.0,0.0,0.0,0.0,0.0,,,-0.128036879933,-0.128036879933,0.0,0.0,0.0,0.0,0.0,,0.0,0.0
2026-02-14 00:00:00,0.0,0.0,0.0,0.0,0.0,0.0,0.0,0.0,-0.154272948195,-0.154272948195,-0.128036879933,-0.128036879933,0.0,0.0,0.0,0.0,0.0,1.0,0.0,0.0
2026-02-14 04:00:00,,,0.0,0.0,0.0,0.0,0.0,0.0,,,-0.128036879933,-0.128036879933,0.0,0.0,0.0,0.0,0.0,,0.0,0.0
2026-02-14 08:00:00,,,0.0,0.0,0.0,0.0,0.0,0.0,,,-0.128036879933,-0.128036879933,0.0,0.0,0.0,0.0,0.0,,0.0,0.0
2026-02-14 12:00:00,,,0.0,0.0,0.0,0.0,0.0,0.0,,,-0.128036879933,-0.128036879933,0.0,0.0,0.0,0.0,0.0,,0.0,0.0
2026-02-14 16:00:00,,,0.700421452522,0.700421452522,0.0,0.700421452522,0.13337174993,0.13337174993,,,1.189397274351,1.189397274351,0.13337174993,0.000660536884,0.002562525625,1.0,1.0,,1.0,1.0
2026-02-14 20:00:00,,,0.0,0.0,0.0,0.0,-0.128036879933,-0.128036879933,,,-0.182424430544,-0.182424430544,-0.128036879933,0.0,0.0,0.0,0.0,,0.0,0.0
2026-02-15 00:00:00,0.0,0.0,0.0,0.0,0.0,0.0,-0.005334869997,-0.005334869997,-0.28215836007,-0.28215836007,-0.182424430544,-0.182424430544,-0.005334869997,0.0,0.0,0.0,0.0,1.0,0.0,0.0
2026-02-15 04:00:00,,,0.0,0.0,0.0,0.0,0.0,0.0,,,-0.182424430544,-0.182424430544,0.0,0.0,0.0,0.0,0.0,,0.0,0.0
2026-02-15 08:00:00,,,0.0,0.0,0.0,0.0,0.0,0.0,,,-0.182424430544,-0.182424430544,0.0,0.000978090767,0.0,1.0,0.0,,0.0,0.0
2026-02-15 12:00:00,,,0.0,0.0,0.0,0.0,0.0,0.0,,,-0.182424430544,-0.182424430544,0.0,0.0,0.003185524975,0.0,1.0,,1.0,1.0
2026-02-15 16:00:00,,,0.0,0.0,0.0,0.0,0.0,0.0,,,-0.182424430544,-0.182424430544,0.0,0.0,0.0,0.0,0.0,,0.0,0.0
2026-02-15 20:00:00,,,0.0,0.0,0.0,0.0,0.0,0.0,,,-0.168827542892,-0.168827542892,0.0,0.0,0.0,0.0,0.0,,0.0,0.0
2026-02-16 00:00:00,0.0,0.0,0.0,0.0,0.0,0.0,0.0,0.0,-0.27742428015,-0.27742428015,-0.128036879933,-0.128036879933,0.0,0.0,0.0,0.0,0.0,0.0,0.0,0.0
2026-02-16 04:00:00,,,0.0,0.0,0.0,0.0,0.0,0.0,,,-0.128036879933,-0.128036879933,0.0,0.0,0.0,0.0,0.0,,0.0,0.0
2026-02-16 08:00:00,,,0.0,0.0,0.0,0.0,0.0,0.0,,,-0.128036879933,-0.128036879933,0.0,0.00093464932,0.0,1.0,0.0,,0.0,0.0
2026-02-16 12:00:00,,,0.0,0.0,0.0,0.0,0.0,0.0,,,-0.128036879933,-0.128036879933,0.0,0.000883891953,0.0,1.0,0.0,,0.0,0.0
2026-02-16 16:00:00,,,0.0,0.0,0.0,0.0,0.0,0.0,,,-0.128036879933,-0.128036879933,0.0,0.0,0.0,0.0,0.0,,0.0,0.0
